id,type,name,artistsOrShow,addedAt,releaseDate,durationMs,url,occurrenceCount,isDuplicateId
"2NWCiYPKGv5gj05AGiMYWW","episode","Your Brain on Birth Control - Dr. Sarah Hill | After Skool","","2026-02-02T05:06:31Z","2026-08-17","1114540","https://open.spotify.com/episode/2NWCiYPKGv5gj05AGiMYWW","1","false"
"45yI5mF7RbVSTp1BmEFSKq","episode","Carl Jung - How to Find Your Soul (written by Eternalised) | After Skool","","2026-02-02T05:07:15Z","2026-08-26","683859","https://open.spotify.com/episode/45yI5mF7RbVSTp1BmEFSKq","1","false"
"6O12kwWgc1rgtFshAXCpB4","episode","Choose Your Sacrifice - Jordan Peterson's Best Advice to Young Adults | After Skool","","2026-02-02T05:07:28Z","2026-08-21","494915","https://open.spotify.com/episode/6O12kwWgc1rgtFshAXCpB4","1","false"
"3cRqmTQBItez4b4w9QRtC7","episode","How to Have a Life Worth Living - Jordan Peterson | After Skool","","2026-02-02T06:57:15Z","2026-08-18","693472","https://open.spotify.com/episode/3cRqmTQBItez4b4w9QRtC7","1","false"
"4SeUcW8oq6dKGOebtaen44","episode","The Myth of Low-Serotonin & Antidepressants - Dr. Mark Horowitz | After Skool","","2026-02-02T06:59:03Z","2026-08-18","1816111","https://open.spotify.com/episode/4SeUcW8oq6dKGOebtaen44","1","false"
"0DIIEW5SnzXH0F9hJ0ODjM","episode","Jordan Peterson - An Antidote to Suffering | After Skool","","2026-02-02T06:59:27Z","2026-08-17","956943","https://open.spotify.com/episode/0DIIEW5SnzXH0F9hJ0ODjM","1","false"
"7r9kXpkxSYGLW1cSdCPW5A","episode","A More Sensible Approach to Fixing Health Care, Dr. Avik Roy","","2026-02-02T07:01:44Z","2020-10-17","2050246","https://open.spotify.com/episode/7r9kXpkxSYGLW1cSdCPW5A","1","false"
"5AAkcp9acy7LtdPgXd4FXp","episode","The Science of Love, Desire and Attachment","","2026-02-02T07:06:34Z","2022-02-14","8901616","https://open.spotify.com/episode/5AAkcp9acy7LtdPgXd4FXp","1","false"
"5lFUAtDxFv613d0na0VL2g","episode","The Science of Emotions & Relationships","","2026-02-02T07:07:01Z","2021-03-29","5727399","https://open.spotify.com/episode/5lFUAtDxFv613d0na0VL2g","1","false"
"57dQJY3KYa4DwRa2E1K98T","episode","296. Neuroscience Meets Psychology | Dr.  Andrew Huberman","","2026-02-02T07:08:04Z","2022-10-13","6034337","https://open.spotify.com/episode/57dQJY3KYa4DwRa2E1K98T","1","false"
"1etPr9PhuDQqTdt8xMGys4","episode","Science of Social Bonding in Family, Friendship & Romantic Love","","2026-02-02T07:08:21Z","2021-12-20","5299200","https://open.spotify.com/episode/1etPr9PhuDQqTdt8xMGys4","1","false"
"20gkAlhaZzuZrq7JWue9OE","episode","Does History Repeat Itself? Bret Speaks with Mattias Desmet","","2026-02-02T07:11:03Z","2022-07-13","7346517","https://open.spotify.com/episode/20gkAlhaZzuZrq7JWue9OE","1","false"
"5GugYcYwBWkenEnUePjAHD","episode","Episode 309 - Solutions: Agorism","","2026-02-02T07:11:14Z","2015-10-19","3194633","https://open.spotify.com/episode/5GugYcYwBWkenEnUePjAHD","1","false"
"7dAlYMvcd1ruSMahn7rTIc","episode","Why Is No One Having Sex? - Alex DatePsych - #593","","2026-02-02T07:12:06Z","2023-02-23","5403648","https://open.spotify.com/episode/7dAlYMvcd1ruSMahn7rTIc","1","false"
"0hRVEdBTThxYsnuYSqfEyf","episode","EXPOSED: Secret Government Surveillance Program","","2026-02-02T07:15:00Z","2023-02-02","2980780","https://open.spotify.com/episode/0hRVEdBTThxYsnuYSqfEyf","1","false"
"1pwSvunYLU5U2515sLlsoT","episode","294. Eugenics: Flawed Thinking Behind Pushed Science | Alex Story","","2026-02-02T07:15:48Z","2022-10-06","5671680","https://open.spotify.com/episode/1pwSvunYLU5U2515sLlsoT","1","false"
"4RdPBwZMtQCzg6dUg1zwqs","episode","From Hollywood to Homeless with Greg Ellis","","2026-02-02T07:16:18Z","2023-01-30","3582589","https://open.spotify.com/episode/4RdPBwZMtQCzg6dUg1zwqs","1","false"
"6NE39cDWjIQIV3GksAPqVi","episode","#357 – Paul Conti: Narcissism, Sociopathy, Envy, and the Nature of Good and Evil","","2026-02-02T07:16:54Z","2023-02-07","11816853","https://open.spotify.com/episode/6NE39cDWjIQIV3GksAPqVi","1","false"
"6f1T75NhjtCm8vjvb0FXhU","episode","The Whistleblower Files: The Marxist Conquest of Our Military | Matthew Lohmeier","","2026-02-02T07:24:39Z","2021-07-23","2513319","https://open.spotify.com/episode/6f1T75NhjtCm8vjvb0FXhU","1","false"
"0f0fWCmFuSlugAv9Ldi6Or","episode","257. India, Europe & Biblical Revolution | Vishal Mangalwadi","","2026-02-02T07:25:25Z","2022-05-30","6433959","https://open.spotify.com/episode/0f0fWCmFuSlugAv9Ldi6Or","1","false"
"6J4D0CpzzlPZp5cj2rz1oW","episode","The Wild Hatred Of The West - Douglas Murray - #465","","2026-02-02T20:54:23Z","2022-04-25","7853376","https://open.spotify.com/episode/6J4D0CpzzlPZp5cj2rz1oW","1","false"
"6Fgrbu7a8cTGW7vW6WL0gT","episode","Andrew Klavan: Why The West Isn’t Over","","2026-02-02T20:54:45Z","2023-05-07","4205374","https://open.spotify.com/episode/6Fgrbu7a8cTGW7vW6WL0gT","1","false"
"0zgodkfCjqKEEISCqTueNh","episode","247. The War On The West | Douglas Murray","","2026-02-02T20:55:21Z","2022-04-25","6748290","https://open.spotify.com/episode/0zgodkfCjqKEEISCqTueNh","1","false"
"70TzJ0a3nay4jUNkOwteel","episode","NBA Star: Forced Out For Speaking Up - Enes Kanter Freedom","","2026-02-02T20:55:39Z","2023-05-10","3837544","https://open.spotify.com/episode/70TzJ0a3nay4jUNkOwteel","1","false"
"2UkIhf7s8PayKlXo9KcdXC","episode","Douglas Murray: The War on the West","","2026-02-02T20:56:03Z","2022-04-25","4579918","https://open.spotify.com/episode/2UkIhf7s8PayKlXo9KcdXC","1","false"
"4Rw0qOCIP5MUs00uJFJxYN","episode","19 Of Human Behaviour's Weirdest Quirks - Rory Sutherland - #587","","2026-02-02T20:57:31Z","2023-02-09","6330773","https://open.spotify.com/episode/4Rw0qOCIP5MUs00uJFJxYN","1","false"
"5r2RazZkwF1MUfg5CLlRDh","episode","Where is the Line Between GOOD & EVIL? | After Skool","","2026-02-02T22:33:03Z","2026-08-26","600320","https://open.spotify.com/episode/5r2RazZkwF1MUfg5CLlRDh","1","false"
"1OiVU4ZzELW7Gw0XNpG5SP","episode","It's NOT OK to be WEAK - Jordan Peterson Motivation | After Skool","","2026-02-02T22:33:26Z","2026-08-21","478171","https://open.spotify.com/episode/1OiVU4ZzELW7Gw0XNpG5SP","1","false"
"70KybHwQzGI1JkdGBMcCjQ","episode","They Tried To Cancel Me But Now I'm Free - Mike Graham","","2026-02-09T11:18:43Z","2026-02-08","4724629","https://open.spotify.com/episode/70KybHwQzGI1JkdGBMcCjQ","1","false"
"45PycXCtzgOEmQDJAln9Jm","episode","Modern Times - Camille Paglia","","2026-02-03T04:49:04Z","2017-10-19","6167823","https://open.spotify.com/episode/45PycXCtzgOEmQDJAln9Jm","1","false"
"3mJseCnqA0hsxTq9F2j31g","episode","Ex-Police Officer Exposes The Reality of Race & Policing (Brandon Tatum Interview)","","2026-02-03T04:55:30Z","2019-10-23","4667167","https://open.spotify.com/episode/3mJseCnqA0hsxTq9F2j31g","1","false"
"7DRIHfMqzfNLg1QJoGVpmf","episode"," 11 Psychology Tricks From the World’s Best Brands - Richard Shotton - #1053","","2026-02-07T00:40:57Z","2026-01-31","5632896","https://open.spotify.com/episode/7DRIHfMqzfNLg1QJoGVpmf","1","false"
"6jo5WYPQlDsM56Euq0YE7g","episode","Did Evolutionary Psychology Get Dating All Wrong? - Dr Paul Eastwick - #1056 ","","2026-02-07T21:01:33Z","2026-02-07","5745728","https://open.spotify.com/episode/6jo5WYPQlDsM56Euq0YE7g","1","false"
"5Szvaagthz8yARhtIgZDHb","episode","#2447 - Mike Benz","","2026-02-08T00:40:00Z","2026-02-03","9558975","https://open.spotify.com/episode/5Szvaagthz8yARhtIgZDHb","1","false"
"0OwYGoYLyX3aeG5kMwDPWt","episode","271. How Black Lives Truly Matter | Magatte Wade","","2026-02-11T00:57:31Z","2022-07-18","5004355","https://open.spotify.com/episode/0OwYGoYLyX3aeG5kMwDPWt","1","false"
"1ecuq4nJ1J4HuchKf3MPH3","episode","286. Navy SEAL Mindset | Congressman Dan Crenshaw","","2026-02-11T00:58:00Z","2022-09-08","6985116","https://open.spotify.com/episode/1ecuq4nJ1J4HuchKf3MPH3","1","false"
"46zqPF0bWYtLjKS7I18dFm","episode","265. Meritocracy or Else | Dr. Adrian Wooldridge","","2026-02-11T00:58:37Z","2022-06-27","4714344","https://open.spotify.com/episode/46zqPF0bWYtLjKS7I18dFm","1","false"
"6XHRazRvTQJyYRk7U8eWuK","episode","Evolution, Psychology, Monogamy & Culture - Dr Joe Henrich - #422","","2026-02-11T00:58:56Z","2022-01-15","3586176","https://open.spotify.com/episode/6XHRazRvTQJyYRk7U8eWuK","1","false"
"7wvMQX6uyXVaH9X0Ldl2i3","episode","Life's Mysteries, Explained By Physics - Sabine Hossenfelder - #521","","2026-02-11T01:00:12Z","2022-09-03","3238122","https://open.spotify.com/episode/7wvMQX6uyXVaH9X0Ldl2i3","1","false"
"5PHiw3VIxXbbOagy2wv0sZ","episode","200. Exploring the Pareto Principle","","2026-02-11T01:00:30Z","2021-11-04","3941668","https://open.spotify.com/episode/5PHiw3VIxXbbOagy2wv0sZ","1","false"
"60ap7OdCm0J8G53p9QbLRs","episode","The Psychology of The Trickster","","2026-02-11T01:00:57Z","2022-09-16","1884067","https://open.spotify.com/episode/60ap7OdCm0J8G53p9QbLRs","1","false"
"3bjk0G0MANKFbJeeJw7ACY","episode","Woke Racism with John McWhorter [S2 Ep.40]","","2026-02-11T01:03:02Z","2021-12-03","3328679","https://open.spotify.com/episode/3bjk0G0MANKFbJeeJw7ACY","1","false"
"5WvSIGRJGq6ZLyv1xxM49D","episode","241. How Anti-Racism Is Hurting Black America | John McWhorter & Jordan Peterson","","2026-02-11T01:03:19Z","2022-04-04","4595252","https://open.spotify.com/episode/5WvSIGRJGq6ZLyv1xxM49D","1","false"
"5GeKfaSuUBILSDUjtkMJMg","episode","220. Theory of Enchantment | Chloé Valdary","","2026-02-11T01:03:39Z","2022-01-24","5961195","https://open.spotify.com/episode/5GeKfaSuUBILSDUjtkMJMg","1","false"
"2zq1InaRzNWzvFOZStAYvW","episode","Is Social Justice A Religion? - Andrew Doyle - #522","","2026-02-11T01:03:59Z","2022-09-05","4683648","https://open.spotify.com/episode/2zq1InaRzNWzvFOZStAYvW","1","false"
"6qCoS87u0DkiLpmw4GECiA","episode","239. ANTIFA: The Rise of the Violent Left | Andy Ngo","","2026-02-11T01:04:10Z","2022-03-28","5771206","https://open.spotify.com/episode/6qCoS87u0DkiLpmw4GECiA","1","false"
"7gWeyShd2rabfgxlZRXSUI","episode","120. Leaving the Cult of Wokeness | Africa Brooke","","2026-02-11T01:04:45Z","2021-10-12","4207751","https://open.spotify.com/episode/7gWeyShd2rabfgxlZRXSUI","1","false"
"6Vpn6jp4KTFbeHJq0OuVsb","episode","Why 'Progress' is Bad for Women - Mary Harrington","","2026-02-11T01:06:47Z","2023-03-06","4337502","https://open.spotify.com/episode/6Vpn6jp4KTFbeHJq0OuVsb","1","false"
"2LamgPEAAH3t2yJ709jqz1","episode","France secretly owns 14 countries","","2026-02-11T01:07:00Z","2023-02-24","814098","https://open.spotify.com/episode/2LamgPEAAH3t2yJ709jqz1","1","false"
"6YIXchoaxWaCO1c2GA1xPJ","episode","338. The Epidemic That Dare Not Speak Its Name | Stephen J Shaw","","2026-02-11T11:24:53Z","2023-03-09","6070204","https://open.spotify.com/episode/6YIXchoaxWaCO1c2GA1xPJ","1","false"
"1XPV5KkWLgG5NV92yIGzBV","episode","""I Knew Something Was Badly Wrong When They Censored The Scientists"" - David Davis MP","","2026-02-11T11:25:09Z","2023-03-13","4169194","https://open.spotify.com/episode/1XPV5KkWLgG5NV92yIGzBV","1","false"
"1zYtIVQnovmTTB2iqKJp9h","episode","South America turning into China’s backyard","","2026-02-11T11:25:45Z","2023-03-13","774066","https://open.spotify.com/episode/1zYtIVQnovmTTB2iqKJp9h","1","false"
"7F9CtIi2Yv9lJCPrZ5UYSt","episode","348: Don't Be Careful. Careful Kills. With Peter Maguire. Author, Professor, Surfer, and Black Belt.","","2026-02-11T11:26:00Z","2022-08-24","12130220","https://open.spotify.com/episode/7F9CtIi2Yv9lJCPrZ5UYSt","1","false"
"51QTZ8rl7flGS1RQH9RxcZ","episode","Live with Isabel Oakeshott - Sex, Lies and Lockdowns","","2026-02-11T11:26:20Z","2023-03-08","3696091","https://open.spotify.com/episode/51QTZ8rl7flGS1RQH9RxcZ","1","false"
"017ja4l453kwQ5sVsjflAY","episode","Laurence Fox: Is the Right Going Woke?","","2026-02-11T11:26:46Z","2023-03-16","4460669","https://open.spotify.com/episode/017ja4l453kwQ5sVsjflAY","1","false"
"08hsX4u76gnF4wbyZZGVrg","episode","242. Solving The Problem Of Human Perception | Cambridge","","2026-02-11T11:27:22Z","2022-04-07","5524688","https://open.spotify.com/episode/08hsX4u76gnF4wbyZZGVrg","1","false"
"4NZ8OHzQ0pc1Gt10HBdq8n","episode","Psychopath Expert Explains How to Spot a Psychopath - Dr Kevin Dutton","","2026-02-11T11:28:40Z","2023-01-12","5821727","https://open.spotify.com/episode/4NZ8OHzQ0pc1Gt10HBdq8n","1","false"
"6UHcV6k1N5U2cVHeqK9JdZ","episode","""Twitter Files Were the Tip of the Iceberg"" - Michael Shellenberger","","2026-02-11T11:29:02Z","2023-02-13","2441012","https://open.spotify.com/episode/6UHcV6k1N5U2cVHeqK9JdZ","1","false"
"1mwq7LE6KGgCWPwzvi4rBB","episode","327. Women, Pornography, and Sadism | Dr. Del Paulhus","","2026-02-11T11:30:18Z","2023-01-30","6253035","https://open.spotify.com/episode/1mwq7LE6KGgCWPwzvi4rBB","1","false"
"7Hhf1OvMcPPwifGVDe5c4L","episode","How Elites Hurt the Poor With Terrible Ideas - Rob Henderson","","2026-02-11T11:30:41Z","2022-06-27","3380244","https://open.spotify.com/episode/7Hhf1OvMcPPwifGVDe5c4L","1","false"
"5pdrVJt46slAlmm1NTye85","episode","The World's Coming Energy Catastrophe - Nate Hagens - #508","","2026-02-11T11:31:42Z","2022-08-04","4522453","https://open.spotify.com/episode/5pdrVJt46slAlmm1NTye85","1","false"
"5KTadyisTHo8mJN8A2C7i9","episode","What Use Is The Female Orgasm? - David Puts - #559","","2026-02-11T11:32:13Z","2022-12-01","4714496","https://open.spotify.com/episode/5KTadyisTHo8mJN8A2C7i9","1","false"
"5Xec0Kyc9GjEtD7dqPE88r","episode","Coleman Hughes: ""BLM Moment Led to Racist Policies""","","2026-02-11T11:32:30Z","2022-08-22","4587128","https://open.spotify.com/episode/5Xec0Kyc9GjEtD7dqPE88r","1","false"
"1oJF7IEYzNeBRJ1c0KLjgm","episode","The Birth and Death of Political Comedy with Jeff Maurer (S3 Ep.6)","","2026-02-11T11:32:50Z","2022-03-11","5913156","https://open.spotify.com/episode/1oJF7IEYzNeBRJ1c0KLjgm","1","false"
"5sdPM9vzom50yo9eyeBYuC","episode","#159: Monkey Business at Pfizer (Bret Weinstein & Heather Heying DarkHorse Livestream)","","2026-02-11T11:33:55Z","2023-01-29","6898965","https://open.spotify.com/episode/5sdPM9vzom50yo9eyeBYuC","1","false"
"7IJeBTkUTxIvWmbOkPBWTs","episode","What's Causing the Trans Explosion? - Helen Joyce","","2026-02-11T11:34:07Z","2023-01-09","3650533","https://open.spotify.com/episode/7IJeBTkUTxIvWmbOkPBWTs","1","false"
"6Nf7RdsCPQ2NKB0j0EgbTo","episode","The Truth About Incels","","2026-02-11T11:34:20Z","2022-08-01","3722344","https://open.spotify.com/episode/6Nf7RdsCPQ2NKB0j0EgbTo","1","false"
"45OgO4MhFXiiH8ElkF7UXn","episode","Critical Drinker: How Politics Ruined Hollywood","","2026-02-11T11:34:33Z","2022-07-14","2708871","https://open.spotify.com/episode/45OgO4MhFXiiH8ElkF7UXn","1","false"
"0FjU4YpmfZzooJ9HEevsOj","episode","196. Australia: Lockdowns and Location Apps | John Anderson","","2026-02-11T11:35:13Z","2021-10-11","4921155","https://open.spotify.com/episode/0FjU4YpmfZzooJ9HEevsOj","1","false"
"61QvHVfbtgS1DJPuMSzsYT","episode","The Death of Conversation with Jonathan Haidt (S3 Ep.21)","","2026-02-11T11:35:32Z","2022-06-25","3317760","https://open.spotify.com/episode/61QvHVfbtgS1DJPuMSzsYT","1","false"
"3FACIgVTOs46Vq9JgzqIak","episode","How Humans Select & Keep Romantic Partners in Short & Long Term | Dr. David Buss","","2026-02-11T11:36:14Z","2021-11-29","7669263","https://open.spotify.com/episode/3FACIgVTOs46Vq9JgzqIak","2","true"
"01bw7xH37ErylRmROsGteB","episode","5 Year Anniversary - Carnivore (Lion Diet) Q&A | EP 172","","2026-02-11T11:37:08Z","2022-12-06","2106176","https://open.spotify.com/episode/01bw7xH37ErylRmROsGteB","1","false"
"061GTSJ4WKT3NAC6Y25BwH","episode","143. How To Be More Attractive To The Opposite Sex | Rob Henderson & Mikhaila Peterson","","2026-02-11T11:37:19Z","2022-03-26","4591934","https://open.spotify.com/episode/061GTSJ4WKT3NAC6Y25BwH","1","false"
"63oyphnSdJAk5pbKFojMt1","episode","#282 – David Buss: Sex, Dating, Relationships, and Sex Differences","","2026-02-11T11:39:28Z","2022-05-04","12716309","https://open.spotify.com/episode/63oyphnSdJAk5pbKFojMt1","1","false"
"2ElwhE7IhWuBM56AV5efhh","episode","#302 – Richard Haier: IQ Tests, Human Intelligence, and Group Differences","","2026-02-11T11:39:43Z","2022-07-14","9802986","https://open.spotify.com/episode/2ElwhE7IhWuBM56AV5efhh","1","false"
"3ri0wHzXpj0ou00utQW9RD","episode","#358 – Aella: Sex Work, OnlyFans, Porn, Escorting, Dating, and Human Sexuality","","2026-02-11T11:40:00Z","2023-02-10","14239210","https://open.spotify.com/episode/3ri0wHzXpj0ou00utQW9RD","1","false"
"4t95UYg3c21KrCjdiH6zzM","episode","How India plans to checkmate China","","2026-02-11T11:41:03Z","2023-02-15","770648","https://open.spotify.com/episode/4t95UYg3c21KrCjdiH6zzM","1","false"
"6Rbw9qRne2uJKizwuDD7x0","episode","Can Ukraine take back Crimea?","","2026-02-11T11:41:40Z","2022-12-31","923434","https://open.spotify.com/episode/6Rbw9qRne2uJKizwuDD7x0","1","false"
"1OD2v2BGIf3RhaP8Pj2ppO","episode","332: Influence & Ownership Over Your Physiological & Psychological Being w/ Andrew Huberman","","2026-02-11T11:43:06Z","2022-05-04","18718656","https://open.spotify.com/episode/1OD2v2BGIf3RhaP8Pj2ppO","1","false"
"1haAROOtpDQSkwVUbmb3a6","episode","Evolution's Secrets To Understanding Relationships - Dr Andrew Thomas - #601","","2026-02-11T11:43:23Z","2023-03-13","5718528","https://open.spotify.com/episode/1haAROOtpDQSkwVUbmb3a6","1","false"
"2XAS5sL926tAUruz2Fp16W","episode","What Science Actually Says About How To Lose Body Fat - Ben Carpenter - #605","","2026-02-11T11:43:53Z","2023-03-23","5562282","https://open.spotify.com/episode/2XAS5sL926tAUruz2Fp16W","1","false"
"6Il5qmTC0qYyWY5EHRzIws","episode","The Strange Death of Journalism with Batya Ungar-Sargon","","2026-02-11T11:44:04Z","2023-03-25","5502328","https://open.spotify.com/episode/6Il5qmTC0qYyWY5EHRzIws","1","false"
"5gpTOncexMZaWXWc5CQ1gL","episode","Michael Malice: Take the White Pill","","2026-02-11T11:45:05Z","2023-03-20","3325387","https://open.spotify.com/episode/5gpTOncexMZaWXWc5CQ1gL","1","false"
"59jKCrGK57b4s2bBl7jeyS","episode","The Rise And Fall Of The Girlboss Meme - Katherine Dee - #606","","2026-02-11T11:45:17Z","2023-03-25","4446762","https://open.spotify.com/episode/59jKCrGK57b4s2bBl7jeyS","1","false"
"6rzUxSuxydWo3ixpcn3CxO","episode","America predicts war with China in 2025","","2026-02-11T11:45:32Z","2023-02-28","790529","https://open.spotify.com/episode/6rzUxSuxydWo3ixpcn3CxO","1","false"
"7zUXHUtqKBqV6d8vaFWiVi","episode","Conversations: With Konstantin Kisin, Podcaster, Comedian & Author","","2026-02-11T11:46:20Z","2022-04-29","4045609","https://open.spotify.com/episode/7zUXHUtqKBqV6d8vaFWiVi","1","false"
"2LMHrLMZCffjTV02xCc6xR","episode","Defending Women Cost Me My Business - Rosie Kay","","2026-02-11T11:46:31Z","2023-02-16","3828401","https://open.spotify.com/episode/2LMHrLMZCffjTV02xCc6xR","1","false"
"0FMIX27vwf6wI03HCTpsXH","episode","Dr John Campbell: Vaccine Safety, Lockdowns and Long COVID","","2026-02-11T11:48:31Z","2023-03-29","4577227","https://open.spotify.com/episode/0FMIX27vwf6wI03HCTpsXH","1","false"
"0K4a1R4XUMWdg40UYnCmPA","episode","150. Wokeism, Advice to Teens and the Dangers of Casual Relationships | Jordan Peterson EP. 150","","2026-02-11T11:49:13Z","2022-06-09","4330161","https://open.spotify.com/episode/0K4a1R4XUMWdg40UYnCmPA","1","false"
"64CstLJ4RUWrZRjVvWF5gw","episode","152. Inclusiveness or Dangerous Brainwashing?: The Transgender Movement | Kara Danksy","","2026-02-11T11:49:25Z","2022-06-24","3631516","https://open.spotify.com/episode/64CstLJ4RUWrZRjVvWF5gw","1","false"
"2HXUrqoPbXJs08IRwdDL2M","episode","146. Is The Red Pill Community Right About Marriage, Sex & Dating? | Vincent Harinam","","2026-02-11T11:49:40Z","2022-04-22","4064862","https://open.spotify.com/episode/2HXUrqoPbXJs08IRwdDL2M","1","false"
"0W7obuJMLawwf6CTddtRwh","episode","#254 – Jay Bhattacharya: The Case Against Lockdowns","","2026-02-11T12:20:08Z","2022-01-04","8529280","https://open.spotify.com/episode/0W7obuJMLawwf6CTddtRwh","1","false"
"4TK5BQit7uWxkqGtcCq92P","episode","#313 – Jordan Peterson: Life, Death, Power, Fame, and Meaning","","2026-02-11T12:20:20Z","2022-08-19","10980138","https://open.spotify.com/episode/4TK5BQit7uWxkqGtcCq92P","1","false"
"1MfT1hrogKow5wkTmiY85C","episode","#310 – Andrew Bustamante: CIA Spy","","2026-02-11T12:20:38Z","2022-08-08","13963008","https://open.spotify.com/episode/1MfT1hrogKow5wkTmiY85C","1","false"
"0t2bwqekxmoWopGALiblzY","episode","#88 – Eric Weinstein: Geometric Unity and the Call for New Ideas, Leaders & Institutions","","2026-02-11T12:20:51Z","2020-04-13","10023551","https://open.spotify.com/episode/0t2bwqekxmoWopGALiblzY","1","false"
"6eKoW0b7863XyYxaXsxYzA","episode","The Evolutionary Story Of Human Friendship - Robin Dunbar - #604","","2026-02-11T12:21:02Z","2023-03-20","5119338","https://open.spotify.com/episode/6eKoW0b7863XyYxaXsxYzA","1","false"
"4xzAjoobKrjUnSzAgwwrEJ","episode","Has Academia Fallen? With Jim Butcher","","2026-02-11T12:21:11Z","2021-10-21","3334896","https://open.spotify.com/episode/4xzAjoobKrjUnSzAgwwrEJ","1","false"
"5WtPhslTy2CpufcgPuHvXf","episode","Is Population Collapse A Real Risk? - Stephen J. Shaw - #583","","2026-02-11T12:21:51Z","2023-01-30","5102400","https://open.spotify.com/episode/5WtPhslTy2CpufcgPuHvXf","1","false"
"2UgCooS0f2jErmTEX1O1e8","episode","Peter Thiel, Leader Of The Rebel Alliance | Peter Robinson | Hoover Institution","","2026-02-11T12:22:33Z","2022-11-09","2882351","https://open.spotify.com/episode/2UgCooS0f2jErmTEX1O1e8","1","false"
"6Q2yNZEZgZW1OxvEJiLtCh","episode","Sweden joining NATO would crush Russian power","","2026-02-11T12:22:50Z","2022-12-10","689556","https://open.spotify.com/episode/6Q2yNZEZgZW1OxvEJiLtCh","1","false"
"1fOdHatV9zjN9tU4zBx3bW","episode","Russia plans to ‘Blackout Blitz’ Ukraine into surrender","","2026-02-11T12:23:00Z","2022-11-12","744124","https://open.spotify.com/episode/1fOdHatV9zjN9tU4zBx3bW","1","false"
"7Jrv28VLoNi6ZDhhz4EwNh","episode","Why Qatar spent $220 billion on the FIFA World Cup","","2026-02-11T12:23:14Z","2022-12-17","735443","https://open.spotify.com/episode/7Jrv28VLoNi6ZDhhz4EwNh","1","false"
"1trKNqYD0HGmquZNmuprgN","episode","The Middle Corridor to revolutionize Europe and Asia","","2026-02-11T12:23:24Z","2023-01-18","817538","https://open.spotify.com/episode/1trKNqYD0HGmquZNmuprgN","1","false"
"4TOFJBnxL523mbeyOnbAr6","episode","Why Is Behavioural Genetics Such A Hated Science? - Dr Stuart Ritchie - #534","","2026-02-11T12:23:41Z","2022-10-03","4712256","https://open.spotify.com/episode/4TOFJBnxL523mbeyOnbAr6","1","false"
"2U7IIPt4jU6dpUQ5scdhTi","episode","310. Viral: The Origin of Covid 19 | Matt Ridley","","2026-02-11T12:23:56Z","2022-12-01","6252538","https://open.spotify.com/episode/2U7IIPt4jU6dpUQ5scdhTi","1","false"
"3g69jDdnGzyubTes9qmOPJ","episode","319. Detransition: The Wounds that Won't Heal | Chloe Cole","","2026-02-11T12:26:08Z","2023-01-03","7501479","https://open.spotify.com/episode/3g69jDdnGzyubTes9qmOPJ","1","false"
"2A8Qk8fmPya8easxUVFVL8","episode","Defeat Your Limiting Beliefs - Peter Crone - #327","","2026-02-11T12:26:50Z","2021-05-29","3545216","https://open.spotify.com/episode/2A8Qk8fmPya8easxUVFVL8","1","false"
"4coXNlADSezgzWJDR9LXLH","episode","Piers Morgan: Why I Don't Care About My Critics","","2026-02-11T12:27:18Z","2023-03-23","4411768","https://open.spotify.com/episode/4coXNlADSezgzWJDR9LXLH","1","false"
"2v0j4WDX1m4HjNzB5QAZKN","episode","Jocko Underground: An Interesting Factor In The Russia/Ukraine Conflict. Chasing Your Dreams. Do The Right Thing","","2026-02-11T12:27:35Z","2022-03-21","563880","https://open.spotify.com/episode/2v0j4WDX1m4HjNzB5QAZKN","1","false"
"3mmAjo1BwCJV6KNzkGg38F","episode","Russia and Iran join forces with India","","2026-02-11T12:27:56Z","2023-04-03","824330","https://open.spotify.com/episode/3mmAjo1BwCJV6KNzkGg38F","1","false"
"3z3FM0zZLvjfIcDT9ZFlDZ","episode","235. Evolution, Sex & Desire | David Buss","","2026-02-11T12:28:08Z","2022-03-16","6366275","https://open.spotify.com/episode/3z3FM0zZLvjfIcDT9ZFlDZ","1","false"
"2JWsaASAZ5hTm4neCEe5kw","episode","Why Do Millions of Men Not Want to Work? - Nicholas Eberstadt - #614","","2026-02-11T12:29:09Z","2023-04-13","3284416","https://open.spotify.com/episode/2JWsaASAZ5hTm4neCEe5kw","1","false"
"4aioV0c7c7USKsVyuozEpU","episode","Matt Goodwin: We're in the Post Populist Era","","2026-02-11T12:30:12Z","2023-04-02","3789087","https://open.spotify.com/episode/4aioV0c7c7USKsVyuozEpU","1","false"
"6mOxDBvBKGzyvnVLaB6AXn","episode","Neuroscientist: ""We Live in a Controlled Hallucination""","","2026-02-11T12:30:23Z","2023-02-27","4255059","https://open.spotify.com/episode/6mOxDBvBKGzyvnVLaB6AXn","1","false"
"4OtiXC061kaMavBPJ1TlAZ","episode","Can Brazil be a Global Power?","","2026-02-11T12:31:19Z","2023-04-18","966811","https://open.spotify.com/episode/4OtiXC061kaMavBPJ1TlAZ","1","false"
"25DUZncQNyobZ71QXeBmOi","episode","347. Parental Trauma in a World of Gender Insanity | Miriam Grossman MD","","2026-02-11T12:31:52Z","2023-04-10","5600391","https://open.spotify.com/episode/25DUZncQNyobZ71QXeBmOi","1","false"
"48CkMrJObsbstYvHFi7bfn","episode","349.  Tyranny Through Weaponized Bureaucracy | Dr. Scott Jensen","","2026-02-11T12:32:08Z","2023-04-17","5873972","https://open.spotify.com/episode/48CkMrJObsbstYvHFi7bfn","1","false"
"6zf8cS2dv8r4KrTT3srKoJ","episode","Why is Gen Z so Depressed and Anxious? - Freya India","","2026-02-11T12:32:20Z","2023-04-19","3395265","https://open.spotify.com/episode/6zf8cS2dv8r4KrTT3srKoJ","1","false"
"4tZrbVFzy9xtKP2txBLmxr","episode","The Collapse Of The UK’s Gender Identity Clinic - Hannah Barnes - #611","","2026-02-11T12:32:28Z","2023-04-06","5502848","https://open.spotify.com/episode/4tZrbVFzy9xtKP2txBLmxr","1","false"
"1eoJELZelRO9NtrRc55D5z","episode","Climate Alarmists Are Getting It All Wrong - Dr Bjorn Lomborg - #617","","2026-02-11T12:58:28Z","2023-04-20","4063850","https://open.spotify.com/episode/1eoJELZelRO9NtrRc55D5z","1","false"
"0ZPqI9w0QGMJvV5tQ3S9RB","episode","Donald Hoffman has a radical new theory on how we experience reality","","2026-02-11T13:03:49Z","2019-11-13","3298586","https://open.spotify.com/episode/0ZPqI9w0QGMJvV5tQ3S9RB","1","false"
"2JfGalNJ44gI0SFPSlQlAj","episode","Anil Seth explores the mystery of consciousness","","2026-02-11T13:04:02Z","2019-10-16","3073358","https://open.spotify.com/episode/2JfGalNJ44gI0SFPSlQlAj","1","false"
"0Tv4qREvJ4wdMuwjgZAg7q","episode","A well educated mind vs a well formed mind: Dr. Shashi Tharoor","","2026-02-11T13:04:19Z","2021-09-04","918408","https://open.spotify.com/episode/0Tv4qREvJ4wdMuwjgZAg7q","1","false"
"1GYeDL4vmihpHmYYJ13l8I","episode","""Climate Activism is a Religion"" - Marian Tupy","","2026-02-13T13:19:55Z","2022-10-20","3955565","https://open.spotify.com/episode/1GYeDL4vmihpHmYYJ13l8I","1","false"
"5QQcjDVMfkl9q0e0qaN1uk","episode","8 Fascinating Psychological Biases - Richard Shotton - #592","","2026-02-14T10:34:09Z","2023-02-20","5837248","https://open.spotify.com/episode/5QQcjDVMfkl9q0e0qaN1uk","1","false"
"0W3EFvwSLZbkfA9fVGt5Ii","episode","Woke Capital with Marc Andreessen","","2026-02-14T10:54:00Z","2023-03-04","3195585","https://open.spotify.com/episode/0W3EFvwSLZbkfA9fVGt5Ii","1","false"
"7fVubNNkKKYSE2WNBQe9WN","episode","Academia Has Fallen - Dr Paul A. Taylor","","2026-02-14T11:44:13Z","2023-02-20","6415699","https://open.spotify.com/episode/7fVubNNkKKYSE2WNBQe9WN","1","false"
"47a0FYaAhFYwKfzxpmufVG","episode","Why Do Women Take Sexy Selfies? - Dr Khandis Blake - #586","","2026-02-14T11:44:23Z","2023-02-06","4714880","https://open.spotify.com/episode/47a0FYaAhFYwKfzxpmufVG","1","false"
"775UESZv2JYZmso6reXUoO","episode","A New Wave of German Strategic Defense Policy","","2026-02-14T11:50:37Z","2023-01-17","462720","https://open.spotify.com/episode/775UESZv2JYZmso6reXUoO","1","false"
"2lqxRrYvJpVlVqLlTw2uOn","episode","Macron Tries to Reason with a Failing China || Peter Zeihan","","2026-02-14T11:52:18Z","2023-04-07","517992","https://open.spotify.com/episode/2lqxRrYvJpVlVqLlTw2uOn","1","false"
"6nsjL4oUPbQLg7OPbcb8wj","episode","Finland: NATO's Newest Member || Peter Zeihan","","2026-02-14T11:52:28Z","2023-04-04","313968","https://open.spotify.com/episode/6nsjL4oUPbQLg7OPbcb8wj","1","false"
"3IGB0gkxS2x78AHlRdEMxH","episode","Peter Zeihan || Russia Targets the Ukraine Grain Deal","","2026-02-14T11:52:50Z","2023-03-23","219648","https://open.spotify.com/episode/3IGB0gkxS2x78AHlRdEMxH","1","false"
"4g1W78tbBRxq3T3ZBD3fp2","episode","The Water Crisis in the American Southwest || Peter Zeihan","","2026-02-14T13:12:10Z","2023-04-14","535056","https://open.spotify.com/episode/4g1W78tbBRxq3T3ZBD3fp2","1","false"
"4DWMNh1hhPqgdyXu1MTHLg","episode","Dire Straits: Energy in Europe || Peter Zeihan","","2026-02-14T13:12:20Z","2023-04-13","365232","https://open.spotify.com/episode/4DWMNh1hhPqgdyXu1MTHLg","1","false"
"3lLIm7wEA4KWqpr00sGrGU","episode","Demographics Part 9: The Advanced Developing World  ||  Peter Zeihan","","2026-02-14T13:12:32Z","2023-04-11","484296","https://open.spotify.com/episode/3lLIm7wEA4KWqpr00sGrGU","1","false"
"2kMYPPobXXquTdUAAn72V7","episode","How Do Women Compete For Partners? - Joyce Benenson - #571","","2026-02-14T13:16:27Z","2023-01-02","4246165","https://open.spotify.com/episode/2kMYPPobXXquTdUAAn72V7","1","false"
"6bzvy3yLrbcBULERvfDRXb","episode","Ukraine Shoots Down Russia's ""Unstoppable"" Kinzhal Missiles || Peter Zeihan","","2026-02-14T13:19:43Z","2023-05-16","109920","https://open.spotify.com/episode/6bzvy3yLrbcBULERvfDRXb","1","false"
"7j2KOUySbCMxxpUXJxhC8Q","episode","Russia plans to annex Belarus by 2030","","2026-02-14T13:20:22Z","2023-04-29","925682","https://open.spotify.com/episode/7j2KOUySbCMxxpUXJxhC8Q","1","false"
"4zpaqJd5ImnINPsxJqbfCI","episode","Episode 334 - Truth At Last: The Assassination of Martin Luther King","","2026-02-14T13:20:52Z","2018-04-04","3068131","https://open.spotify.com/episode/4zpaqJd5ImnINPsxJqbfCI","1","false"
"6JelG7kO6DGCFx1biiOvQE","episode","DarkHorse Podcast with Douglas Murray & Bret Weinstein: View from an Outpost of the American Empire","","2026-02-14T13:21:22Z","2020-10-23","8118648","https://open.spotify.com/episode/6JelG7kO6DGCFx1biiOvQE","1","false"
"6QbEVVlB35NwuCaxwzdczo","episode","353. The US Dollar Might Collapse | Peter Schiff","","2026-02-14T13:22:13Z","2023-05-01","5919973","https://open.spotify.com/episode/6QbEVVlB35NwuCaxwzdczo","1","false"
"5dqr5Jjf3m6OZZ2EsnDf2f","episode"," The Psychology of The Fool ","","2026-02-14T13:22:24Z","2023-05-25","2389031","https://open.spotify.com/episode/5dqr5Jjf3m6OZZ2EsnDf2f","1","false"
"7orB97evMAGeug7rrGYfuk","episode","Philosophy: The Love of Wisdom | A Guide to Life","","2026-02-14T13:22:41Z","2023-01-14","3599023","https://open.spotify.com/episode/7orB97evMAGeug7rrGYfuk","1","false"
"3uTPsBCzIpIa8kkqUSs7Xa","episode"," The Psychology of The Wounded Healer ","","2026-02-14T13:22:54Z","2022-12-17","1904036","https://open.spotify.com/episode/3uTPsBCzIpIa8kkqUSs7Xa","1","false"
"3ZeZP7fZMev7tVvUQayP7A","episode","Japan Prepares for a Changing World || Peter Zeihan","","2026-02-14T13:42:15Z","2023-03-29","386592","https://open.spotify.com/episode/3ZeZP7fZMev7tVvUQayP7A","1","false"
"73vKFR5bEY5FCpRQ8xEFnA","episode","Signalling: Why You Do The Things You Do - Rob Henderson - #292","","2026-02-14T13:43:39Z","2021-03-08","5193493","https://open.spotify.com/episode/73vKFR5bEY5FCpRQ8xEFnA","1","false"
"56U50ugnW1S0LFT5rIcTaC","episode","The Financial Impact Of Russia's Invasion - Tom Nash - #443","","2026-02-14T13:43:52Z","2022-03-05","5153493","https://open.spotify.com/episode/56U50ugnW1S0LFT5rIcTaC","1","false"
"4H5BdzHZEYSuu5LbAw4AAp","episode","Australia Strikes a Greentech Deal with the US || Peter Zeihan","","2026-02-14T13:44:04Z","2023-05-29","233255","https://open.spotify.com/episode/4H5BdzHZEYSuu5LbAw4AAp","1","false"
"1n60LP7cDCGzbP40pi4YqF","episode","Greenpeace's Ex-President - Is Climate Change A Hoax? - Patrick Moore - #373","","2026-02-14T13:44:39Z","2021-09-18","5760853","https://open.spotify.com/episode/1n60LP7cDCGzbP40pi4YqF","1","false"
"2TT2Wwh2M2QtIDsdDDXmgv","episode","Nick Di Paolo on Offensive Comedy and Political Correctness","","2026-02-14T13:49:23Z","2019-02-25","3646275","https://open.spotify.com/episode/2TT2Wwh2M2QtIDsdDDXmgv","1","false"
"5FffkaKgl14W9sMC938qRQ","episode","How Twitter Censored COVID Dissent - David Zweig","","2026-02-14T13:49:42Z","2023-06-07","4340662","https://open.spotify.com/episode/5FffkaKgl14W9sMC938qRQ","1","false"
"3tCwoe03JWQxCO7bEzuKr7","episode","5 EU Countries BAN Ukrainian Agriculture Exports || Peter Zeihan","","2026-02-14T13:56:14Z","2023-06-16","343224","https://open.spotify.com/episode/3tCwoe03JWQxCO7bEzuKr7","1","false"
"0g3qGRww4L9qiNsJdEJxru","episode","Why Do So Many People Not Want To Have Children? - Malcolm Collins - #640","","2026-02-14T14:32:09Z","2023-06-12","5441002","https://open.spotify.com/episode/0g3qGRww4L9qiNsJdEJxru","1","false"
"3egS5CsF0h4jiyj6vqpFin","episode","""We're not thinking, we're emoting"" - John Anderson, former Deputy Prime Minister of Australia","","2026-02-14T14:32:42Z","2023-06-18","3980826","https://open.spotify.com/episode/3egS5CsF0h4jiyj6vqpFin","1","false"
"0ep4NPijr3qNcAchuCyfiL","episode","Rwanda to become the next Singapore?","","2026-02-14T14:33:02Z","2023-06-20","918533","https://open.spotify.com/episode/0ep4NPijr3qNcAchuCyfiL","1","false"
"4HQmqznwRpJenY4PNZcDQ7","episode","#11 — Douglas Murray | Gender and Activism","","2026-02-14T14:36:50Z","2019-11-25","5011069","https://open.spotify.com/episode/4HQmqznwRpJenY4PNZcDQ7","1","false"
"1QaozAPSwSDF8ju01Fg54w","episode","290. Douglas Murray & Jonathan Pageau","","2026-02-14T14:39:14Z","2022-09-22","5547598","https://open.spotify.com/episode/1QaozAPSwSDF8ju01Fg54w","1","false"
"2scVNO1T7Hu9rm3YPupgBo","episode","An Honest Conversation with Ben Shapiro","","2026-02-14T14:41:56Z","2023-05-03","3771715","https://open.spotify.com/episode/2scVNO1T7Hu9rm3YPupgBo","1","false"
"6hlPVQ8lyVv4L00hcocGnw","episode","Comedian Cancelled by China - 'Uncle Roger'","","2026-02-14T14:42:26Z","2023-06-04","3562893","https://open.spotify.com/episode/6hlPVQ8lyVv4L00hcocGnw","2","true"
"4zU0PYDcHkT0Ccgb6xj8TM","episode","Russia secretly in war in Africa","","2026-02-14T14:43:02Z","2023-06-25","880158","https://open.spotify.com/episode/4zU0PYDcHkT0Ccgb6xj8TM","1","false"
"3nHpXcOOrYEh08UAXxSdw6","episode","France’s Demographic Blindspot: Racial Inequality || Peter Zeihan","","2026-02-14T14:43:48Z","2023-06-30","316128","https://open.spotify.com/episode/3nHpXcOOrYEh08UAXxSdw6","1","false"
"3PYGNEToYkNKzBWIXZ24Vt","episode","#263 Elon Musk - Free Speech, Neuralink & The Future of Humanity","","2026-02-14T14:44:10Z","2023-06-24","5834245","https://open.spotify.com/episode/3PYGNEToYkNKzBWIXZ24Vt","1","false"
"5CJmb1Jo3Y8ebAbYel0ZB1","episode","Ask Peter: Why Is Scottish Independence a Suicide Pact?","","2026-02-14T14:45:13Z","2023-07-04","256200","https://open.spotify.com/episode/5CJmb1Jo3Y8ebAbYel0ZB1","1","false"
"72FAhMY3kZ4sSAxtJ0HicT","episode"," The Psychology of the Devil ","","2026-02-14T14:45:29Z","2023-06-24","2699041","https://open.spotify.com/episode/72FAhMY3kZ4sSAxtJ0HicT","1","false"
"6vGFrORGFIH82plHXtvJAt","episode","The Depopulation Bomb: Stephen J. Shaw","","2026-02-14T14:45:49Z","2023-06-25","4034351","https://open.spotify.com/episode/6vGFrORGFIH82plHXtvJAt","1","false"
"5vVbETrcJbkZTuPYAF5hDW","episode","Net Zero by 2050 is not happening","","2026-02-14T14:47:32Z","2023-07-16","1013149","https://open.spotify.com/episode/5vVbETrcJbkZTuPYAF5hDW","1","false"
"7rP5RB2RuPW2PaVKNpDThY","episode","373. Social Justice: A Religious Movement | Andrew Doyle","","2026-02-14T14:47:50Z","2023-07-06","6321266","https://open.spotify.com/episode/7rP5RB2RuPW2PaVKNpDThY","1","false"
"49mCTic4x1lNMmzBeZJwVT","episode","Activists Tried To Get This Study Banned - J Michael Bailey - #654","","2026-02-14T14:49:45Z","2023-07-15","4878122","https://open.spotify.com/episode/49mCTic4x1lNMmzBeZJwVT","2","true"
"7wKkqTk4wEPsxwgePBDUhC","episode","Can Money Actually Buy You Happiness? - Dr Mike Israetel - #651","","2026-02-14T14:50:02Z","2023-07-08","6778602","https://open.spotify.com/episode/7wKkqTk4wEPsxwgePBDUhC","1","false"
"4gAbzLOWE4pIZY5IjFv0L3","episode","Mexican Demographics: Where Are All the Kids? || Peter Zeihan","","2026-02-14T14:50:19Z","2023-08-01","174168","https://open.spotify.com/episode/4gAbzLOWE4pIZY5IjFv0L3","1","false"
"2XRDxQhiYSoKQwjpz6T8nf","episode","Taiwan has a secret doomsday plan for China","","2026-02-14T14:50:32Z","2023-07-31","840676","https://open.spotify.com/episode/2XRDxQhiYSoKQwjpz6T8nf","1","false"
"33yJbva061DHMN6Z5eaRlj","episode","The End of Ukrainian Agriculture || Peter Zeihan","","2026-02-14T14:50:54Z","2023-07-28","396504","https://open.spotify.com/episode/33yJbva061DHMN6Z5eaRlj","1","false"
"3JuV112H4JMKzTZSqoM0pd","episode","US and Saudi Arabia Relations: Part 2 || Peter Zeihan","","2026-02-14T14:51:06Z","2023-08-03","240456","https://open.spotify.com/episode/3JuV112H4JMKzTZSqoM0pd","1","false"
"41OwzqikLfKpVKAuitVbah","episode","Let's Talk North Korea and Travis King || Peter Zeihan","","2026-02-14T14:51:17Z","2023-08-08","465168","https://open.spotify.com/episode/41OwzqikLfKpVKAuitVbah","1","false"
"5wzcawQo0FRhNQGlzHWzoJ","episode","How Smells Influence Our Hormones, Health & Behavior | Dr. Noam Sobel","","2026-02-14T14:51:31Z","2023-05-01","11282886","https://open.spotify.com/episode/5wzcawQo0FRhNQGlzHWzoJ","1","false"
"3CXPPteYtrC2FCB1OskxjK","episode","Based Camp: Spencer Greenberg on Trying to Fix Science","","2026-02-14T15:10:24Z","2023-08-08","1369991","https://open.spotify.com/episode/3CXPPteYtrC2FCB1OskxjK","1","false"
"4TrAnB0COG1New2mAUd2VS","episode","Vaccine Injuries: Why Can’t We Be Honest? with Rav Arora","","2026-02-14T15:11:16Z","2023-08-13","4504476","https://open.spotify.com/episode/4TrAnB0COG1New2mAUd2VS","1","false"
"786yKvXcHRIiMUrPIFaMV1","episode","Making Life Hard for Chinese Tech || Peter Zeihan","","2026-02-14T15:11:42Z","2023-08-18","277248","https://open.spotify.com/episode/786yKvXcHRIiMUrPIFaMV1","1","false"
"3Ughqk6NbZNknrGSHEkYwr","episode","Why Should Northern China Worry About Flooding? || Peter Zeihan","","2026-02-14T15:11:59Z","2023-08-16","294360","https://open.spotify.com/episode/3Ughqk6NbZNknrGSHEkYwr","1","false"
"6NRNhQjzy6uJVJGAofMN4N","episode","Oppenheimer's warning lives on","","2026-02-14T15:12:11Z","2023-08-15","885158","https://open.spotify.com/episode/6NRNhQjzy6uJVJGAofMN4N","1","false"
"5C6BX3XT4AsnmuGtidachX","episode","Are ALL Men Created EQUAL? | EverydaySpy Podcast Ep. 3","","2026-02-14T15:12:24Z","2023-08-12","2539200","https://open.spotify.com/episode/5C6BX3XT4AsnmuGtidachX","1","false"
"7mcu6YoX3qMLfeUoO8vI53","episode","How superconductors could change everything","","2026-02-14T15:12:48Z","2023-08-25","822848","https://open.spotify.com/episode/7mcu6YoX3qMLfeUoO8vI53","1","false"
"5ObxXSlEI00IW6gqHHJ7QC","episode","Why Did Large Breasted Protagonists Disappear from Media?","","2026-02-14T15:48:16Z","2023-09-06","1667239","https://open.spotify.com/episode/5ObxXSlEI00IW6gqHHJ7QC","1","false"
"44TN0LPG8hDTBcYCT1Ua2u","episode","Why Iran and Afghanistan are headed to war","","2026-02-14T15:49:50Z","2023-09-14","940326","https://open.spotify.com/episode/44TN0LPG8hDTBcYCT1Ua2u","1","false"
"","DROPPED_NULL","","","2026-02-02T07:26:20Z","","","","","false"
"","DROPPED_NULL","","","2026-02-02T21:00:09Z","","","","","false"
"","DROPPED_NULL","","","2026-02-11T01:00:44Z","","","","","false"
"","DROPPED_NULL","","","2026-02-11T11:42:29Z","","","","","false"
"","DROPPED_NULL","","","2026-02-11T11:47:01Z","","","","","false"
"","DROPPED_NULL","","","2026-02-11T12:21:22Z","","","","","false"
"","DROPPED_NULL","","","2026-02-11T12:29:59Z","","","","","false"
"","DROPPED_NULL","","","2026-02-11T13:24:37Z","","","","","false"
"","DROPPED_NULL","","","2026-02-14T11:26:44Z","","","","","false"
"","DROPPED_NULL","","","2026-02-14T11:36:27Z","","","","","false"
"","DROPPED_NULL","","","2026-02-14T13:25:17Z","","","","","false"
"","DROPPED_NULL","","","2026-02-14T13:49:52Z","","","","","false"
"","DROPPED_NULL","","","2026-02-14T13:57:57Z","","","","","false"
"","DROPPED_NULL","","","2026-02-14T14:35:23Z","","","","","false"
"","DROPPED_NULL","","","2026-02-14T15:12:35Z","","","","","false"
"","DROPPED_NULL","","","2026-02-14T15:48:52Z","","","","","false"
"3wUfEiXvQsZcQOYEN8Isz7","episode","America's HIDDEN Agenda In Ukraine | EverydaySpy Podcast Ep. 7","","2026-02-14T15:50:12Z","2023-08-26","2687616","https://open.spotify.com/episode/3wUfEiXvQsZcQOYEN8Isz7","1","false"
"6l53zzbBcOy2vryU6q0EO3","episode","New World Order: BRICS Summit Threat | EMERGENCY Podcast","","2026-02-14T15:50:24Z","2023-08-24","619311","https://open.spotify.com/episode/6l53zzbBcOy2vryU6q0EO3","1","false"
"1M7stnqmC1OrHajto8B6Cb","episode","How To Find a Wife In A Fallen World","","2026-02-14T15:52:41Z","2023-09-20","2060512","https://open.spotify.com/episode/1M7stnqmC1OrHajto8B6Cb","1","false"
"5pLYsjOo2cjN6AGUOD3tOR","episode","What Twins Separated At Birth Teach Us About Nature vs Nurture - Nancy Segal - #667","","2026-02-14T15:52:56Z","2023-08-14","4556885","https://open.spotify.com/episode/5pLYsjOo2cjN6AGUOD3tOR","1","false"
"2oPqF6cv5ieIGwRzc2MhLy","episode","384. This Man Ended Affirmative Action | Dr. Peter Arcidiacono","","2026-02-14T15:53:27Z","2023-09-21","5585162","https://open.spotify.com/episode/2oPqF6cv5ieIGwRzc2MhLy","1","false"
"1RzaCFqcSPo3QzLyKhGqBV","episode","#396 – James Sexton: Divorce Lawyer on Marriage, Relationships, Sex, Lies & Love","","2026-02-14T15:53:51Z","2023-09-18","13353002","https://open.spotify.com/episode/1RzaCFqcSPo3QzLyKhGqBV","1","false"
"5EbCLOaQ0IUGKrOxSBtaAL","episode","#89 Defying the Narrative: FriendlyJordies - Comedy, Politics, and Self-Help for the Internet Age","","2026-02-14T15:55:33Z","2023-07-19","4717191","https://open.spotify.com/episode/5EbCLOaQ0IUGKrOxSBtaAL","1","false"
"3QOZgP16PgrIje5Nr4KemP","episode","#82 Navigating Global Challenges: Bob Carr's perspectives on war and diplomacy","","2026-02-14T15:56:23Z","2023-05-31","3298220","https://open.spotify.com/episode/3QOZgP16PgrIje5Nr4KemP","1","false"
"07nYyKRHZTpOXgG89hQFdh","episode","#56 Porn Star Angela White: I make very good money but I also work very hard","","2026-02-14T15:56:46Z","2022-11-30","2700564","https://open.spotify.com/episode/07nYyKRHZTpOXgG89hQFdh","1","false"
"63xndhNc9Vu3sufoChTppA","episode","#35 ARLC chairman Peter V'Landys: How to tackle high-stakes negotiation","","2026-02-14T15:57:16Z","2022-06-15","3920169","https://open.spotify.com/episode/63xndhNc9Vu3sufoChTppA","1","false"
"4kOtEPdqz6cm0ptSqIvYtf","episode","The Terrifying Impact Of Single-Parent Households - Melissa Kearney - #689","","2026-02-14T15:57:39Z","2023-10-05","5336362","https://open.spotify.com/episode/4kOtEPdqz6cm0ptSqIvYtf","1","false"
"14IB4tIQjRto62GRkE30rh","episode","Israel vs Palestine: Hamas Declares WAR | EMERGENCY Podcast","","2026-02-14T15:59:16Z","2023-10-09","842832","https://open.spotify.com/episode/14IB4tIQjRto62GRkE30rh","1","false"
"1LjGF1dmYWnPhIkDLUvATC","episode","What It Means To Live A Fulfilled Life - Jimmy Carr - #691","","2026-02-14T16:03:32Z","2023-10-09","9815360","https://open.spotify.com/episode/1LjGF1dmYWnPhIkDLUvATC","1","false"
"7EdsLhdleAkGETduAb0018","episode","The Evolutionary Psychology Of Bullying - Tony Volk - #637","","2026-02-14T16:04:19Z","2023-06-05","5806698","https://open.spotify.com/episode/7EdsLhdleAkGETduAb0018","1","false"
"39r4ect5ETQQShdjWBvrAK","episode","Why Is Everyone Having Such Bad Sex? - Emily Morse - #645","","2026-02-14T16:05:23Z","2023-06-24","3511808","https://open.spotify.com/episode/39r4ect5ETQQShdjWBvrAK","1","false"
"5NvhJv1k4upZAIKJ9BW0dX","episode","Why Is Modern Dating Such A Mess? - Sadia Khan - #694","","2026-02-14T16:05:36Z","2023-10-16","7669418","https://open.spotify.com/episode/5NvhJv1k4upZAIKJ9BW0dX","1","false"
"6dcznjIHmtZw7Ug1Ie7J6k","episode","The Secret Tools To Hack Your Brain - Dr Andrew Huberman - #700","","2026-02-14T16:06:44Z","2023-10-30","11038848","https://open.spotify.com/episode/6dcznjIHmtZw7Ug1Ie7J6k","1","false"
"2cNqg2lJdvOlvV6wNkuKWx","episode","Why Does It Feel Like Everyone Is Losing Their Minds? - Konstantin Kisin - #697","","2026-02-14T16:31:13Z","2023-10-23","8353365","https://open.spotify.com/episode/2cNqg2lJdvOlvV6wNkuKWx","1","false"
"5gXq6btM8l7bAgdAXkqQ6k","episode","Why Is Everyone Choosing To Stay Single? - Alex DatePsych - #701","","2026-02-14T16:31:57Z","2023-11-02","5997120","https://open.spotify.com/episode/5gXq6btM8l7bAgdAXkqQ6k","1","false"
"13pIPZbu5f2xU6WQtGNYBI","episode","Douglas Murray: This is About Survival","","2026-02-14T16:34:14Z","2023-11-05","3461250","https://open.spotify.com/episode/13pIPZbu5f2xU6WQtGNYBI","1","false"
"1h83l3dfJJHNLjZbzQRzfK","episode","Critical Race Theory Made Me Miserable - Zandile Powell from Kidology","","2026-02-14T16:34:27Z","2023-10-04","3985528","https://open.spotify.com/episode/1h83l3dfJJHNLjZbzQRzfK","1","false"
"0fmnazqm6uDe8Bdjb4TLDY","episode","Sydney Watson - The Men vs. Women Problem","","2026-02-14T16:35:20Z","2023-11-08","4391862","https://open.spotify.com/episode/0fmnazqm6uDe8Bdjb4TLDY","1","false"
"39nxFEOaOiGsUnQxgadpi3","episode","Chris Williamson: Positive Masculinity","","2026-02-14T16:36:20Z","2023-11-12","4594912","https://open.spotify.com/episode/39nxFEOaOiGsUnQxgadpi3","1","false"
"0inVi9QET77m8t46zjqlhB","episode","Police Whistleblower Shares Horrific Story - Maggie Oliver","","2026-02-14T16:37:10Z","2023-09-24","4154017","https://open.spotify.com/episode/0inVi9QET77m8t46zjqlhB","1","false"
"6UEasjDnvZYONFKxaA0QOX","episode","17 Ugly Psychology Truths No One Wants To Admit - Adam Lane Smith - #674","","2026-02-14T16:38:41Z","2023-08-31","4968042","https://open.spotify.com/episode/6UEasjDnvZYONFKxaA0QOX","1","false"
"6fWlbv2JkxpGuxl3Y4w4LN","episode","The Ruthless Ways Women Compete With Each Other - Dr Tracy Vaillancourt - #711","","2026-02-14T16:39:32Z","2023-11-25","5193685","https://open.spotify.com/episode/6fWlbv2JkxpGuxl3Y4w4LN","1","false"
"4vLLWlU6ZoTgXvdciNU7bR","episode","401. Rife For Cancellation | Matt Rife","","2026-02-14T16:40:03Z","2023-11-30","4270706","https://open.spotify.com/episode/4vLLWlU6ZoTgXvdciNU7bR","1","false"
"3WirDQqFD0tpRTHyZRPAJt","episode","Why Israel was attacked","","2026-02-14T16:40:22Z","2023-10-13","1354567","https://open.spotify.com/episode/3WirDQqFD0tpRTHyZRPAJt","1","false"
"1fC8YrPs3NWMQ0ATEYQZ9l","episode","406. The Man Behind the Dark Web | Brett Johnson","","2026-02-14T16:41:01Z","2023-12-18","7734543","https://open.spotify.com/episode/1fC8YrPs3NWMQ0ATEYQZ9l","1","false"
"30YxO9oZUpUSRODZAZvwlm","episode","Backstabbed By The Entire Comedy Industry - Graham Linehan","","2026-02-14T16:41:54Z","2023-12-20","4124107","https://open.spotify.com/episode/30YxO9oZUpUSRODZAZvwlm","1","false"
"49mCTic4x1lNMmzBeZJwVT","episode","Activists Tried To Get This Study Banned - J Michael Bailey - #654","","2026-02-14T16:43:18Z","2023-07-15","4878122","https://open.spotify.com/episode/49mCTic4x1lNMmzBeZJwVT","2","true"
"087MSTVzjKGCFvAHKflzu7","episode","The Problem With Taking Therapy Advice From Instagram - Seerut Chawla - #725","","2026-02-14T16:43:56Z","2023-12-30","4422269","https://open.spotify.com/episode/087MSTVzjKGCFvAHKflzu7","1","false"
"7B3AXTbCurVj0qYnO9KDso","episode","Australia, After America || Peter Zeihan","","2026-02-14T16:45:53Z","2024-01-03","414300","https://open.spotify.com/episode/7B3AXTbCurVj0qYnO9KDso","1","false"
"4r6rxdBYJgMMPQ6qRsmIou","episode","Is religion good or bad for society? Ben Shapiro v Alex O'Connor The Big Conversation – Episode 7 | Season 5","","2026-02-14T16:46:45Z","2023-12-01","4722311","https://open.spotify.com/episode/4r6rxdBYJgMMPQ6qRsmIou","1","false"
"5hpASy0nwQcbEcWXrAmRCy","episode","#36 Peter Boghossian - Having Better Conversations About Philosophy","","2026-02-14T16:47:25Z","2023-06-25","6900453","https://open.spotify.com/episode/5hpASy0nwQcbEcWXrAmRCy","1","false"
"2uIjk6iJCwFHvfjdoaLlwH","episode","Banned On Instagram, Britney Spears & Alex Jones - Danny Polishchuk - #731","","2026-02-14T16:49:55Z","2024-01-13","5310485","https://open.spotify.com/episode/2uIjk6iJCwFHvfjdoaLlwH","1","false"
"3qmlCazYdOQbqGNZD3rhxJ","episode","#23 Konstantin Kisin - Free Speech and Reparations","","2026-02-14T16:50:18Z","2023-03-19","3836577","https://open.spotify.com/episode/3qmlCazYdOQbqGNZD3rhxJ","1","false"
"5NGUGlAOsL7w36yVyWFzQR","episode","#52 Jonathan Pageau - The Problem With Secular Architecture","","2026-02-14T16:50:28Z","2024-01-20","3530919","https://open.spotify.com/episode/5NGUGlAOsL7w36yVyWFzQR","1","false"
"2Okmx7o40sLksjvySuH1F8","episode","Just How Broken Is American Politics? - Dean Phillips - #734","","2026-02-14T16:50:53Z","2024-01-20","3578090","https://open.spotify.com/episode/2Okmx7o40sLksjvySuH1F8","1","false"
"78XgXaZ3Kui7FonSk2VRRR","episode","Africa is NOT Poor Because of Colonialism: Here’s Why. - Magatte Wade","","2026-02-14T16:51:05Z","2024-01-24","3131219","https://open.spotify.com/episode/78XgXaZ3Kui7FonSk2VRRR","1","false"
"25s0j51XTzj5QJOSEFRE9a","episode","403. Attraction, Beauty, Growth, and Sex | Dr. Sarah Hill","","2026-02-14T16:51:19Z","2023-12-07","7137358","https://open.spotify.com/episode/25s0j51XTzj5QJOSEFRE9a","1","false"
"7p4uUMN1YrvrKlrNuMZxVF","episode","#53 Jason Brennan - The Case Against Democracy","","2026-02-14T16:52:46Z","2024-01-28","3466135","https://open.spotify.com/episode/7p4uUMN1YrvrKlrNuMZxVF","1","false"
"2pYH8ZufPPAJP0vWz0dYIq","episode","“The Treason Of The Intellectuals,” With Niall Ferguson | Uncommon Knowledge | Peter Robinson | Hoover Institution","","2026-02-14T16:53:13Z","2024-01-23","2899696","https://open.spotify.com/episode/2pYH8ZufPPAJP0vWz0dYIq","1","false"
"64P9aGqB76ZzDi3NJsLLv3","episode","#31 Peter Singer - The Limits of Utilitarianism","","2026-02-14T16:53:24Z","2023-05-14","3831536","https://open.spotify.com/episode/64P9aGqB76ZzDi3NJsLLv3","1","false"
"0mf6vIIgMB55kZ2Nc8K0rt","episode","#54 The Cultural Tutor - Why Is The Modern World So Ugly?","","2026-02-14T16:53:46Z","2024-02-05","6576535","https://open.spotify.com/episode/0mf6vIIgMB55kZ2Nc8K0rt","1","false"
"2Nn7gklxslxeMSxf3ZZkdl","episode","Why Critical Thinking is Dead - Peter Boghossian","","2026-02-14T16:54:01Z","2024-02-07","4091036","https://open.spotify.com/episode/2Nn7gklxslxeMSxf3ZZkdl","1","false"
"6JcNVmMTI9ySIl5DOoJHUM","episode","Are Women Actually Happy With Modern Dating? - Louise Perry - #715","","2026-02-14T16:54:20Z","2023-12-04","5936896","https://open.spotify.com/episode/6JcNVmMTI9ySIl5DOoJHUM","1","false"
"01fk3dJ5MQzjvGtNbriHip","episode","359. Woke Culture & Gender Wars are Replacing Religion - Alex O'Connor ","","2026-02-14T17:06:23Z","2024-01-15","4623882","https://open.spotify.com/episode/01fk3dJ5MQzjvGtNbriHip","1","false"
"4L0Bj9XjjoEbNXeFjRNeIA","episode","Why Russia's Biggest Threat is Actually China","","2026-02-14T17:08:50Z","2024-05-22","1995151","https://open.spotify.com/episode/4L0Bj9XjjoEbNXeFjRNeIA","1","false"
"050TdE4A8Z8XZJuSxsj2HN","episode","Equity: The Thief of Human Potential - Thomas Sowell | After Skool","","2026-02-14T17:10:23Z","2026-08-26","997825","https://open.spotify.com/episode/050TdE4A8Z8XZJuSxsj2HN","1","false"
"1BYwylJ4AccjLAZth9NmDi","episode","#1940 - Matt Taibbi","","2026-02-14T17:11:37Z","2023-02-13","9997929","https://open.spotify.com/episode/1BYwylJ4AccjLAZth9NmDi","2","true"
"5xCeuH6zui8r27ImExB6K6","episode","#1864 - Alex Berenson","","2026-02-14T17:12:23Z","2022-08-26","10878910","https://open.spotify.com/episode/5xCeuH6zui8r27ImExB6K6","2","true"
"1fh9vOuVkq5LhNMVc8kh2q","episode","#1714 - Josh Dubin & Robert Jones","","2026-02-14T17:13:12Z","2021-10-05","7553300","https://open.spotify.com/episode/1fh9vOuVkq5LhNMVc8kh2q","2","true"
"6dJH37wUKAGN6CHTxAPbCQ","episode","#550 - Rupert Sheldrake","","2026-02-14T17:14:35Z","2014-09-16","8787178","https://open.spotify.com/episode/6dJH37wUKAGN6CHTxAPbCQ","1","false"
"6Qyuj2pDUQrprzN0qCJP16","episode","#1628 - Eric Weinstein","","2026-02-14T17:15:41Z","2021-04-02","11833961","https://open.spotify.com/episode/6Qyuj2pDUQrprzN0qCJP16","1","false"
"3fMorDEYl8YUJgfNIVliLV","episode","#1678 - Michael Pollan","","2026-02-14T17:15:58Z","2021-07-05","9870441","https://open.spotify.com/episode/3fMorDEYl8YUJgfNIVliLV","1","false"
"1fh9vOuVkq5LhNMVc8kh2q","episode","#1714 - Josh Dubin & Robert Jones","","2026-02-14T17:16:21Z","2021-10-05","7553300","https://open.spotify.com/episode/1fh9vOuVkq5LhNMVc8kh2q","2","true"
"5NxzDE5TmviUV8te2eZjMP","episode","#1719 - Michael Shellenberger","","2026-02-14T18:58:21Z","2021-10-14","10413971","https://open.spotify.com/episode/5NxzDE5TmviUV8te2eZjMP","1","false"
"57hZuU1AVnO78DO3Bjno8c","episode","#1723 - Amishi Jha","","2026-02-14T18:58:33Z","2021-10-21","8528489","https://open.spotify.com/episode/57hZuU1AVnO78DO3Bjno8c","1","false"
"4q0cNkAHQQMBTu4NmeNW7E","episode","#1768 - Dr. Robert Epstein","","2026-02-14T18:58:42Z","2022-01-21","9716350","https://open.spotify.com/episode/4q0cNkAHQQMBTu4NmeNW7E","1","false"
"1ugbn7cuab3mNgKbo81ajM","episode","#1780 - Maajid Nawaz","","2026-02-14T18:59:13Z","2022-02-19","11121022","https://open.spotify.com/episode/1ugbn7cuab3mNgKbo81ajM","2","true"
"5WqhbmwLU9v62ReXvk2Ob4","episode","#1797 - Josh Barnett","","2026-02-14T18:59:33Z","2022-03-29","11239977","https://open.spotify.com/episode/5WqhbmwLU9v62ReXvk2Ob4","2","true"
"3rAa8cJGt5cDSu71y9YC2A","episode","#1800 - Gavin de Becker","","2026-02-14T18:59:43Z","2022-04-01","10318121","https://open.spotify.com/episode/3rAa8cJGt5cDSu71y9YC2A","1","false"
"6XLN5ajgzlYyVxbXUDOIqt","episode","#1823 - Neal Brennan","","2026-02-14T18:59:51Z","2022-05-25","13565694","https://open.spotify.com/episode/6XLN5ajgzlYyVxbXUDOIqt","1","false"
"2BGyj7ukaq8aA29BsA1Yuk","episode","#1842 - Andrew Huberman","","2026-02-14T19:00:00Z","2022-07-12","10880041","https://open.spotify.com/episode/2BGyj7ukaq8aA29BsA1Yuk","1","false"
"5xCeuH6zui8r27ImExB6K6","episode","#1864 - Alex Berenson","","2026-02-14T19:00:08Z","2022-08-26","10878910","https://open.spotify.com/episode/5xCeuH6zui8r27ImExB6K6","2","true"
"2XCJAb43d6b4cNLdKS9jSw","episode","#1869 - Dr. Gabor Maté","","2026-02-14T19:00:18Z","2022-09-13","8650558","https://open.spotify.com/episode/2XCJAb43d6b4cNLdKS9jSw","1","false"
"5hnVaATIVVo8YHBhYu0MVg","episode","#1896 - Bjørn Lomborg","","2026-02-14T19:00:26Z","2022-11-09","9112809","https://open.spotify.com/episode/5hnVaATIVVo8YHBhYu0MVg","1","false"
"406fOiiKMU0ot5AS1AIwve","episode","#1921 - Peter Zeihan","","2026-02-14T19:00:37Z","2023-01-07","6999934","https://open.spotify.com/episode/406fOiiKMU0ot5AS1AIwve","1","false"
"3BiUWO4PifhEfwZ1dhMW4d","episode","#1931 - Mike Glover","","2026-02-14T19:00:45Z","2023-01-26","10660585","https://open.spotify.com/episode/3BiUWO4PifhEfwZ1dhMW4d","1","false"
"4ho8NBQucRw6jkLP7F5Hlr","episode","#1934 - Lex Fridman","","2026-02-14T19:01:05Z","2023-01-31","11441108","https://open.spotify.com/episode/4ho8NBQucRw6jkLP7F5Hlr","1","false"
"1BYwylJ4AccjLAZth9NmDi","episode","#1940 - Matt Taibbi","","2026-02-14T19:01:21Z","2023-02-13","9997929","https://open.spotify.com/episode/1BYwylJ4AccjLAZth9NmDi","2","true"
"7p7u5CZdpYtLcFnsEwzPNB","episode","#1949 - Russell Brand","","2026-02-14T19:01:33Z","2023-03-02","10677203","https://open.spotify.com/episode/7p7u5CZdpYtLcFnsEwzPNB","1","false"
"7zjMM0mw8oIr3VxRX0Tfay","episode","#1958 - Andrew Huberman","","2026-02-14T19:01:43Z","2023-03-21","10016382","https://open.spotify.com/episode/7zjMM0mw8oIr3VxRX0Tfay","1","false"
"43D9PMFx0j9BdbpcS9meBY","episode","#1979 - Dr. Aseem Malhotra","","2026-02-14T19:02:04Z","2023-04-29","10945811","https://open.spotify.com/episode/43D9PMFx0j9BdbpcS9meBY","1","false"
"3DQfcTY4viyXsIXQ89NXvg","episode","#1999 - Robert Kennedy, Jr.","","2026-02-14T19:02:16Z","2023-06-15","11135465","https://open.spotify.com/episode/3DQfcTY4viyXsIXQ89NXvg","2","true"
"3woccDLWFU1cvOcQ5Oflue","episode","#2008 - Stephen C. Meyer","","2026-02-14T19:02:26Z","2023-07-13","11427049","https://open.spotify.com/episode/3woccDLWFU1cvOcQ5Oflue","2","true"
"6gr1cKBE8VywXpVlMdisDm","episode","#2049- Coleman Hughes","","2026-02-14T19:02:38Z","2023-10-20","13358953","https://open.spotify.com/episode/6gr1cKBE8VywXpVlMdisDm","2","true"
"7edwvm2c6Ieuzun4xtFYCJ","episode","#2054 - Elon Musk ","","2026-02-14T19:02:47Z","2023-10-31","9676606","https://open.spotify.com/episode/7edwvm2c6Ieuzun4xtFYCJ","2","true"
"2VdOITiKENVSqZvZDY0HrV","episode","#2067 - Dave Smith","","2026-02-14T19:03:01Z","2023-11-23","10234878","https://open.spotify.com/episode/2VdOITiKENVSqZvZDY0HrV","2","true"
"0RMUNGWB0P22Ka6E71zV5b","episode","#2156 - Jeremie & Edouard Harris","","2026-02-14T19:03:10Z","2024-05-25","8551678","https://open.spotify.com/episode/0RMUNGWB0P22Ka6E71zV5b","1","false"
"5a0ZgJ1hz2gaFTfsqNdfmE","episode","#2165 - Jack Carr","","2026-02-14T19:03:23Z","2024-06-18","9593577","https://open.spotify.com/episode/5a0ZgJ1hz2gaFTfsqNdfmE","1","false"
"6USqfnDnICAkW4tU1EcLub","episode","#2174 - Annie Jacobsen","","2026-02-14T19:03:36Z","2024-07-10","10241641","https://open.spotify.com/episode/6USqfnDnICAkW4tU1EcLub","2","true"
"1o4TImIWyntyEzmKkNlRfz","episode","#2181 - Alan Graham","","2026-02-14T19:03:46Z","2024-07-26","6334569","https://open.spotify.com/episode/1o4TImIWyntyEzmKkNlRfz","2","true"
"3mCEFEa9DDFQ03zOQH0sXZ","episode","#2182 - Michael Malice","","2026-02-14T19:03:55Z","2024-07-30","11035497","https://open.spotify.com/episode/3mCEFEa9DDFQ03zOQH0sXZ","2","true"
"293KKxbEKt2zrem6XFCxYG","episode","#2195 - Andrew Huberman","","2026-02-14T19:04:03Z","2024-08-27","11250345","https://open.spotify.com/episode/293KKxbEKt2zrem6XFCxYG","2","true"
"37kBZRr3nqjltQXt8KuiDJ","episode","#2197 - Mike Baker","","2026-02-14T19:04:12Z","2024-08-29","9872105","https://open.spotify.com/episode/37kBZRr3nqjltQXt8KuiDJ","2","true"
"0vqvra6TPlImA4VPmAhE15","episode","#2204 - Matt Walsh","","2026-02-14T19:04:20Z","2024-09-18","9442879","https://open.spotify.com/episode/0vqvra6TPlImA4VPmAhE15","1","false"
"2S0RkczxVJdyxjlvr53DKs","episode","#2211 - Michael Shellenberger","","2026-02-14T19:04:29Z","2024-10-09","11729150","https://open.spotify.com/episode/2S0RkczxVJdyxjlvr53DKs","2","true"
"0e9ynAH6hmZIIeOx0SaGQu","episode","#2219 - Donald Trump","","2026-02-14T19:04:43Z","2024-10-26","10729514","https://open.spotify.com/episode/0e9ynAH6hmZIIeOx0SaGQu","2","true"
"0U4Y0an6iKM1VB8pE1M4vQ","episode","#2234 - Marc Andreessen","","2026-02-14T19:05:14Z","2024-11-26","11246740","https://open.spotify.com/episode/0U4Y0an6iKM1VB8pE1M4vQ","2","true"
"4xrIHCGv7EX5Fwmw47JlMk","episode","#2247 - Duncan Trussell","","2026-02-14T19:05:22Z","2024-12-25","9301993","https://open.spotify.com/episode/4xrIHCGv7EX5Fwmw47JlMk","2","true"
"7bYLDLiUN3OeHpJKnABByv","episode","#2251 - Rick Perry & W. Bryan Hubbard","","2026-02-14T19:05:36Z","2025-01-02","7628948","https://open.spotify.com/episode/7bYLDLiUN3OeHpJKnABByv","2","true"
"3Z07r13Tkm0GjE1bP5qW85","episode","#2253 - Theo Von","","2026-02-14T19:05:44Z","2025-01-08","7148244","https://open.spotify.com/episode/3Z07r13Tkm0GjE1bP5qW85","2","true"
"7yCBL6ntqIDjulvr17JE4o","episode","#2260 - Lex Fridman","","2026-02-14T19:06:00Z","2025-01-22","12079529","https://open.spotify.com/episode/7yCBL6ntqIDjulvr17JE4o","2","true"
"228sh8JkOutqToUEnuPK6O","episode","#2269 - Bret Weinstein","","2026-02-14T19:06:10Z","2025-02-06","9456788","https://open.spotify.com/episode/228sh8JkOutqToUEnuPK6O","2","true"
"6vBvbWNoBWkeCwPdQM029u","episode","#2403 - Andrew Gallimore","","2026-02-14T19:07:34Z","2025-10-30","9316948","https://open.spotify.com/episode/6vBvbWNoBWkeCwPdQM029u","1","false"
"5WtadlmloeZkwYkPilDNZV","episode","#2411 - Gavin de Becker","","2026-02-14T19:07:43Z","2025-11-13","8989588","https://open.spotify.com/episode/5WtadlmloeZkwYkPilDNZV","1","false"
"6viS5R5VpncMRBUZHuFZLC","episode","#2443 - Filippo Biondi","","2026-02-14T19:07:53Z","2026-01-23","7646633","https://open.spotify.com/episode/6viS5R5VpncMRBUZHuFZLC","2","true"
"60ZNEN50MZNHSM2HgnWDL0","episode","12. The Deception of Feminism | Janice Fiamengo & Tammy Peterson","","2026-02-14T19:12:22Z","2022-08-09","5788604","https://open.spotify.com/episode/60ZNEN50MZNHSM2HgnWDL0","1","false"
"2TUSctCFrQ0hpr5EKDESua","episode","FINGERPRINTS of the COSMOS - Randall Carlson - A Fireside Talk | After Skool","","2026-02-14T19:16:00Z","2026-08-20","1319314","https://open.spotify.com/episode/2TUSctCFrQ0hpr5EKDESua","1","false"
"4z5lXk9Nb7KISBGNtIInPZ","episode","KHC 003 - Chris Williamson","","2026-02-14T19:19:07Z","2023-02-01","8315820","https://open.spotify.com/episode/4z5lXk9Nb7KISBGNtIInPZ","1","false"
"2RxXGnRQSbU6ZnHJ754rsD","episode","Episode 292 – Century of Enslavement: The History of the Federal Reserve","","2026-02-14T19:19:26Z","2014-07-07","5397510","https://open.spotify.com/episode/2RxXGnRQSbU6ZnHJ754rsD","1","false"
"57k59GKnwl6f4iO3fmKATa","episode","KHC 010 - Amala Ekpunobi","","2026-02-14T19:20:18Z","2023-03-06","4517146","https://open.spotify.com/episode/57k59GKnwl6f4iO3fmKATa","1","false"
"3JoodGGEAwH8kcev9QZorF","episode","Autism, the Cerebellum, Learning, Brain Development, Gerrymandering & Using Data Science to Repair our Democracy | Sam Wang | #48","","2026-02-14T19:22:48Z","2022-01-05","4706586","https://open.spotify.com/episode/3JoodGGEAwH8kcev9QZorF","1","false"
"4tOwbEcxWDV1hvrxkUiXpg","episode","Bret Weinstein: I will be vindicated over Covid","","2026-02-14T19:27:02Z","2022-06-06","2893662","https://open.spotify.com/episode/4tOwbEcxWDV1hvrxkUiXpg","1","false"
"6hUyoH3nlRpSUZb8QEuAOe","episode","Episode 310 - How Big Oil Conquered The World","","2026-02-14T19:28:12Z","2015-12-28","4286624","https://open.spotify.com/episode/6hUyoH3nlRpSUZb8QEuAOe","1","false"
"2EydpBr4VsY3jA8SHWW1kl","episode","Episode 321 - Why Big Oil Conquered the World","","2026-02-14T19:28:38Z","2017-10-06","6846100","https://open.spotify.com/episode/2EydpBr4VsY3jA8SHWW1kl","1","false"
"5WYYZZRiOT2bMlFlc0Exqa","episode","#273 David Puts: Sexual Dimorphism, Sexual Orientation, And Female Orgasm","","2026-02-14T19:33:58Z","2019-12-26","3398704","https://open.spotify.com/episode/5WYYZZRiOT2bMlFlc0Exqa","1","false"
"3xT2PULE6ipigpsUEURTLT","episode","#194 Paul Coleman - The True Cost of Free Speech","","2026-02-14T19:34:22Z","2022-02-25","3588964","https://open.spotify.com/episode/3xT2PULE6ipigpsUEURTLT","1","false"
"17TbBZJui4RNOTvM4l24Yw","episode","DarkHorse Podcast with Greg Lukianoff and Bret Weinstein","","2026-02-14T19:34:46Z","2020-10-23","5232378","https://open.spotify.com/episode/17TbBZJui4RNOTvM4l24Yw","1","false"
"7LIEYMC8iZq20AMqQ12jEs","episode","E005 - Stirling Cooper: Transform Your Sex Life","","2026-02-14T19:37:04Z","2022-12-17","7150367","https://open.spotify.com/episode/7LIEYMC8iZq20AMqQ12jEs","1","false"
"6fYN1SJXCFiLAeT6QrPk5P","episode","Alex Jones: The Lawsuits, Elon Musk Saving Twitter, and Transgenderism","","2026-02-14T19:40:56Z","2022-05-30","4624143","https://open.spotify.com/episode/6fYN1SJXCFiLAeT6QrPk5P","1","false"
"1yOh66uWdzp8FY8zaZvopm","episode","The Science Delusion: TEDx Whitechapel, the ""banned"" talk","","2026-02-15T11:01:18Z","2024-03-07","1097665","https://open.spotify.com/episode/1yOh66uWdzp8FY8zaZvopm","1","false"
"70Ubt17nJqCkxVZKzHUCrC","episode","Defeating the Race Baiters with Freddie Sayers","","2026-02-15T11:02:44Z","2023-02-02","4389982","https://open.spotify.com/episode/70Ubt17nJqCkxVZKzHUCrC","1","false"
"1KTyYbhPEGiWLS6wM72Sld","episode","4 False Beliefs that Society is Built On - Dr. Bruce Lipton | After Skool","","2026-02-15T11:06:19Z","2026-08-16","1022693","https://open.spotify.com/episode/1KTyYbhPEGiWLS6wM72Sld","1","false"
"7kwiU0lBfbKwYbNU30NGyb","episode","THE HIDDEN INFLUENCE OF SOCIAL NETWORKS NICHOLAS CHRISTAKIS ","","2026-02-15T11:07:44Z","2024-05-09","1124052","https://open.spotify.com/episode/7kwiU0lBfbKwYbNU30NGyb","1","false"
"2e4A9HpyH4DgnROzvZX382","episode","The Myth Of Overpopulation","","2026-02-15T11:15:08Z","2023-01-31","336326","https://open.spotify.com/episode/2e4A9HpyH4DgnROzvZX382","1","false"
"05VTHqdtquU05O4aA5R08m","episode","Central Africa: Niyah Needs Energy","","2026-02-15T11:15:29Z","2025-06-04","481941","https://open.spotify.com/episode/05VTHqdtquU05O4aA5R08m","1","false"
"6axDkVYeQ2GITwGRWiMMGs","episode","North Korea: Learning the Truth","","2026-02-15T11:16:29Z","2025-06-05","564010","https://open.spotify.com/episode/6axDkVYeQ2GITwGRWiMMGs","1","false"
"1l6c1doTKWva2fgFiLUlf4","episode","Venezuela: Vivi’s Life under Socialism","","2026-02-15T11:16:40Z","2025-06-04","441664","https://open.spotify.com/episode/1l6c1doTKWva2fgFiLUlf4","1","false"
"3NJmpjkFZDnmZ3mI53G1Zt","episode","Facebook's role in Brexit -- and the threat to democracy | Carole Cadwalladr","","2026-02-15T11:17:43Z","2019-04-16","903784","https://open.spotify.com/episode/3NJmpjkFZDnmZ3mI53G1Zt","1","false"
"5sIL4kn4yPGQN4NHsZ6c0q","episode","How Facebook profits from polarization | Yaël Eisenstat","","2026-02-15T11:23:05Z","2020-09-08","833358","https://open.spotify.com/episode/5sIL4kn4yPGQN4NHsZ6c0q","1","false"
"0rZ6kRzEnaTJL5RSJo3ixc","episode","Analyzing Evil: Michael Corleone","","2026-02-15T11:34:17Z","2024-05-03","2363285","https://open.spotify.com/episode/0rZ6kRzEnaTJL5RSJo3ixc","1","false"
"4fO0PjjAOW1bFeWMnOHdO7","episode","Russia's Catastrophic Oil & Gas Problem","","2026-02-15T11:44:40Z","2023-12-18","2098837","https://open.spotify.com/episode/4fO0PjjAOW1bFeWMnOHdO7","1","false"
"5WqhbmwLU9v62ReXvk2Ob4","episode","#1797 - Josh Barnett","","2026-02-15T11:58:17Z","2022-03-29","11239977","https://open.spotify.com/episode/5WqhbmwLU9v62ReXvk2Ob4","2","true"
"2gma57h9vMgHdFcnnur86E","episode","Kali Yuga is Now Reaching Its Climax - Shunyamurti Teaching","","2026-02-15T11:59:20Z","2022-01-01","995683","https://open.spotify.com/episode/2gma57h9vMgHdFcnnur86E","1","false"
"5oxZSKaJjyjgo10bj7M8Xk","episode","The benefits of a bilingual brain | Mia Nacamulli","","2026-02-15T12:03:17Z","2021-08-18","302524","https://open.spotify.com/episode/5oxZSKaJjyjgo10bj7M8Xk","1","false"
"4xp05G7twUSCA4Az5Dlj7d","episode","College Is For Girls w/ Chris Williamson","","2026-02-15T12:04:08Z","2022-02-18","6707983","https://open.spotify.com/episode/4xp05G7twUSCA4Az5Dlj7d","1","false"
"4FoeLlsrUJWWTyYplHSpsU","episode","Why Actors Are The Worst People In The World, Do You Want A Trad Wife? & Covid Bunker Kids w/ Ari Shaffir","","2026-02-15T12:04:36Z","2023-03-21","5640306","https://open.spotify.com/episode/4FoeLlsrUJWWTyYplHSpsU","1","false"
"0q8Phkr3WVI4SRTvxY3voP","episode","""Do Universities Punish Free Thinkers?"" with Peter Boghossian","","2026-02-15T12:56:50Z","2021-09-22","4630413","https://open.spotify.com/episode/0q8Phkr3WVI4SRTvxY3voP","1","false"
"5YaWF5uYghgVMXHlpquima","episode","Why Modern Society Feels So Empty, Lonely, and Anxious","","2026-02-15T13:08:11Z","2022-11-07","1969028","https://open.spotify.com/episode/5YaWF5uYghgVMXHlpquima","1","false"
"1EWOCAWQ9ZgnG9sByCNUrx","episode","Camille Paglia on her Lifestyle of Observation (Live at Mason)","","2026-02-15T13:09:54Z","2016-04-25","5213361","https://open.spotify.com/episode/1EWOCAWQ9ZgnG9sByCNUrx","1","false"
"6GY1AyosxxcNnckVPUxgSU","episode"," The Psychology of Personality Types (Know Yourself) ","","2026-02-15T13:10:56Z","2023-03-01","1799012","https://open.spotify.com/episode/6GY1AyosxxcNnckVPUxgSU","1","false"
"7wPPrSbmNZFr8BIIZEOaeW","episode","Why Every Country Has Military Bases in Djibouti","","2026-02-15T13:19:43Z","2025-02-10","1180479","https://open.spotify.com/episode/7wPPrSbmNZFr8BIIZEOaeW","1","false"
"2ydxnB4H7jOi0JaJIUmnyl","episode","Dating is Trash! | Opey Olagbaju | Stand Up Comedy","","2026-02-15T13:23:09Z","2025-03-26","606570","https://open.spotify.com/episode/2ydxnB4H7jOi0JaJIUmnyl","1","false"
"3aEQ09LAbVO2c0zv19ya86","episode","Lawsuit sues China for six trillion dollars in coronavirus reparations","","2026-02-15T13:27:21Z","2020-04-21","1588755","https://open.spotify.com/episode/3aEQ09LAbVO2c0zv19ya86","1","false"
"7kQhBPuyEccKh6d8NUWBxE","episode","How China plans for naval dominance","","2026-02-15T13:29:16Z","2022-07-08","800527","https://open.spotify.com/episode/7kQhBPuyEccKh6d8NUWBxE","1","false"
"1rE9BC0c1Got22UvTHMA3l","episode","China wants to form its own military alliance","","2026-02-15T16:11:00Z","2022-05-12","894999","https://open.spotify.com/episode/1rE9BC0c1Got22UvTHMA3l","1","false"
"40jh5misWEA79nVy8MKXBg","episode","Why China cannot abandon communism","","2026-02-15T16:14:16Z","2021-10-19","823455","https://open.spotify.com/episode/40jh5misWEA79nVy8MKXBg","1","false"
"5z15flB39NDsW0cB71CX5d","episode","Why 94% of China Lives East of This Line","","2026-02-15T16:14:31Z","2024-01-15","991253","https://open.spotify.com/episode/5z15flB39NDsW0cB71CX5d","1","false"
"77SGCTnVOEtGLLxToO3KFJ","episode","The Dunning-Kruger Effect - Cognitive Bias - Why Incompetent People Think They Are Competent | After Skool","","2026-02-15T16:24:47Z","2026-08-21","788819","https://open.spotify.com/episode/77SGCTnVOEtGLLxToO3KFJ","1","false"
"0RbDweaP0WMPwHsb9vWTWL","episode","Exit Row Hero | Chinedu Unaka | Stand Up Comedy","","2026-02-15T16:27:10Z","2025-05-23","652373","https://open.spotify.com/episode/0RbDweaP0WMPwHsb9vWTWL","1","false"
"1nFS67e3hnWskDKqVA8RbT","episode","The real reason manufacturing jobs are disappearing | Augie Picado","","2026-02-15T16:28:59Z","2017-09-14","727640","https://open.spotify.com/episode/1nFS67e3hnWskDKqVA8RbT","1","false"
"2r8psUGupbJR510aaJalKQ","episode","#190 James O'Keefe - Journalism, Ethics & Polarisation","","2026-02-15T16:30:21Z","2022-01-28","1750363","https://open.spotify.com/episode/2r8psUGupbJR510aaJalKQ","1","false"
"3GrliH2lo0Z7Z01TSH4lHx","episode","#195 King Randall - Teaching the True Meaning of Manhood","","2026-02-15T17:10:15Z","2022-03-04","3565846","https://open.spotify.com/episode/3GrliH2lo0Z7Z01TSH4lHx","1","false"
"27raBGAVvsKQqvrNR8efRa","episode","Peter Zeihan || Cartels Part 1: Americans Caught in the Crossfire","","2026-02-15T18:08:20Z","2023-03-08","218064","https://open.spotify.com/episode/27raBGAVvsKQqvrNR8efRa","1","false"
"0YFDtcmVrJPWdhLyq4m8zL","episode","Peter Zeihan || Iran Discovers a Huge Deposit of Lithium","","2026-02-15T18:08:30Z","2023-03-09","207864","https://open.spotify.com/episode/0YFDtcmVrJPWdhLyq4m8zL","1","false"
"6zmW4PiPnEvGMENjqQs31A","episode","To Improve Comprehension DON'T Try To Understand","","2026-02-15T18:16:49Z","2022-06-16","332068","https://open.spotify.com/episode/6zmW4PiPnEvGMENjqQs31A","1","false"
"0R2osPgwChOykkIpCH1xgi","episode","Chris Rock Reveals How Housewives Play Their Husbands - comedy stand up","","2026-02-15T18:36:11Z","2022-09-03","271125","https://open.spotify.com/episode/0R2osPgwChOykkIpCH1xgi","1","false"
"7LZnKgTX0G2IO5ntQnrrHn","episode","Chris Rock's Two Rules for Being in a Relationship - Total Blackout- comedy stand up","","2026-02-15T18:36:26Z","2022-09-03","324624","https://open.spotify.com/episode/7LZnKgTX0G2IO5ntQnrrHn","1","false"
"7Aqpz3U5qCjAfs7YOzi8Zc","episode","Male inequality, explained by an expert | Richard Reeves","","2026-02-15T18:37:16Z","2024-11-14","906527","https://open.spotify.com/episode/7Aqpz3U5qCjAfs7YOzi8Zc","1","false"
"4YG20anslGAaPtVNge2Zc3","episode","Why 95% of Australia is Empty","","2026-02-15T19:13:54Z","2023-12-14","1739114","https://open.spotify.com/episode/4YG20anslGAaPtVNge2Zc3","1","false"
"69VIiw7CfRZB7uQD0PfbIm","episode","Alpha Male Content is Insane | Alec Flynn | Stand Up Comedy","","2026-02-15T19:16:54Z","2025-03-12","592383","https://open.spotify.com/episode/69VIiw7CfRZB7uQD0PfbIm","1","false"
"65AqfrR7Wx71lgkPKLNgc6","episode","First Time Watching P*rn | Michael Longfellow | Don't Tell Comedy","","2026-02-15T19:17:37Z","2025-04-16","740074","https://open.spotify.com/episode/65AqfrR7Wx71lgkPKLNgc6","1","false"
"4ZcuO2VGqSwwcRd8bjE3Eg","episode","A Global Fertility Crisis - Dr. Shanna Swan | After Skool","","2026-02-15T19:28:45Z","2026-08-19","1514736","https://open.spotify.com/episode/4ZcuO2VGqSwwcRd8bjE3Eg","1","false"
"6cAKmGDOH10VlKVobJiDxn","episode","The Slow Poison of Endless Fantasy | After Skool","","2026-02-15T19:30:39Z","2026-08-17","599222","https://open.spotify.com/episode/6cAKmGDOH10VlKVobJiDxn","1","false"
"2X0h3ORfnRggeDpQeqHfeG","episode","Have We All Gone Mad? The Snowflake Epidemic | Events at CIS","","2026-02-15T19:31:39Z","2018-08-16","4957178","https://open.spotify.com/episode/2X0h3ORfnRggeDpQeqHfeG","1","false"
"2xFnwbNyH8fxZHNuijwfRo","episode","Peter Zeihan || Famine: The Ultimate Country Killer","","2026-02-16T06:42:26Z","2023-03-20","270935","https://open.spotify.com/episode/2xFnwbNyH8fxZHNuijwfRo","1","false"
"1yRLOr80v6cY56UWR4OQiN","episode","Iranian Seizure of Oil Tanker Could Spell Disaster for China || Peter Zeihan","","2026-02-18T14:58:09Z","2023-04-28","164328","https://open.spotify.com/episode/1yRLOr80v6cY56UWR4OQiN","1","false"
"0jQUtJzSU3pMgyoIN7EJdq","episode","Episode 359 - The Secrets of Silicon Valley: What Big Tech Doesn't Want You to Know","","2026-02-18T15:13:45Z","2019-07-05","2610541","https://open.spotify.com/episode/0jQUtJzSU3pMgyoIN7EJdq","1","false"
"0b93LyI0tMZAraRArsqdom","episode","Evolutionary Psychology: An Introduction - Dr Diana Fleischman","","2026-02-18T15:14:59Z","2019-08-18","6324326","https://open.spotify.com/episode/0b93LyI0tMZAraRArsqdom","1","false"
"1ugbn7cuab3mNgKbo81ajM","episode","#1780 - Maajid Nawaz","","2026-02-23T10:31:08Z","2022-02-19","11121022","https://open.spotify.com/episode/1ugbn7cuab3mNgKbo81ajM","2","true"
"4GMcvMrf0h1BzbaLoAQ6Cb","episode","Colin Quinn Remembers ""Tough Crowd""","","2026-02-23T10:32:12Z","2020-10-08","232618","https://open.spotify.com/episode/4GMcvMrf0h1BzbaLoAQ6Cb","1","false"
"7Mzo0Y8TLa0uLx9duNN7k6","episode","Chris Williamson on Why There Are Psychopaths","","2026-02-23T10:33:07Z","2022-08-02","438911","https://open.spotify.com/episode/7Mzo0Y8TLa0uLx9duNN7k6","1","false"
"4OxuxcXpX5BepuizxCVmtT","episode","Ep. 71 - Why Introverts Hate Small Talk","","2026-02-23T10:33:32Z","2018-07-27","1041840","https://open.spotify.com/episode/4OxuxcXpX5BepuizxCVmtT","1","false"
"7G1b4Wp3SryIsuHEMjPmmY","episode","Is Life A Video Game? - Elon Musk | After Skool","","2026-02-23T10:34:16Z","2026-08-15","267702","https://open.spotify.com/episode/7G1b4Wp3SryIsuHEMjPmmY","1","false"
"5hnlx01AuAMCP9huUio70l","episode","Bendy Dads and Biting Teachers | Dan Donohue | Stand Up Comedy","","2026-02-23T10:35:54Z","2025-05-14","682773","https://open.spotify.com/episode/5hnlx01AuAMCP9huUio70l","2","true"
"2TNNGAYN34FkOozQtTQnCP","episode","Debating Australia's Vaping Ban","","2026-02-23T10:36:29Z","2023-06-01","1894965","https://open.spotify.com/episode/2TNNGAYN34FkOozQtTQnCP","1","false"
"4iUWYHpILflH9ngTewiuSv","episode","The American Dream | Jason Cheny | Stand Up Comedy","","2026-02-23T10:39:45Z","2025-04-18","570368","https://open.spotify.com/episode/4iUWYHpILflH9ngTewiuSv","1","false"
"19Yz911fKykZTcxzPn7WGr","episode","What Started the Cultural Fixation on Gender?","","2026-02-23T10:42:14Z","2021-06-25","858901","https://open.spotify.com/episode/19Yz911fKykZTcxzPn7WGr","1","false"
"12wPOvtHUa3xuDKImMoTGa","episode","Fixing Straight Men | Leslie Liao | Stand Up Comedy","","2026-02-23T10:43:13Z","2025-03-24","743125","https://open.spotify.com/episode/12wPOvtHUa3xuDKImMoTGa","1","false"
"75BkItdIHfslBhqIxkXWle","episode","#162 - CIA Spy & FBI Agent Debate: China, Ukraine & How To Disappear People | Andrew Bustamante, Jim DiOrio & Julian Dorey","","2026-02-23T10:46:50Z","2022-11-21","10819434","https://open.spotify.com/episode/75BkItdIHfslBhqIxkXWle","1","false"
"3Jog0yWzZNYM6jN3Cm4Dbr","episode","Ask Peter: Will Azerbaijan Try to Take Nagorno-Karabakh from Armenia? || Peter Zeihan","","2026-02-23T11:05:29Z","2023-06-21","394895","https://open.spotify.com/episode/3Jog0yWzZNYM6jN3Cm4Dbr","1","false"
"3DQfcTY4viyXsIXQ89NXvg","episode","#1999 - Robert Kennedy, Jr.","","2026-02-23T11:06:53Z","2023-06-15","11135465","https://open.spotify.com/episode/3DQfcTY4viyXsIXQ89NXvg","2","true"
"52XwKiuN6Q4WFmHaWgz6wF","episode","The Babylon Bee Talks With Elon Musk at Twitter Headquarters","","2026-02-23T11:11:27Z","2023-06-02","4051608","https://open.spotify.com/episode/52XwKiuN6Q4WFmHaWgz6wF","1","false"
"4ArI5cmjAmyQUfshkrVugc","episode","Ben Guesses Gen Z Slang With Brett Cooper","","2026-02-23T11:13:13Z","2023-07-09","778109","https://open.spotify.com/episode/4ArI5cmjAmyQUfshkrVugc","1","false"
"3vApmdhW4FwPgeoKcs9wIv","episode","A Conscious Universe? – Dr Rupert Sheldrake","","2026-02-23T11:15:14Z","2020-08-09","4963787","https://open.spotify.com/episode/3vApmdhW4FwPgeoKcs9wIv","1","false"
"6iJ8tyzY9xoFJ3912JzlRK","episode","How Movies Teach Manhood | Colin Stokes | Talking Ted Talks","","2026-02-23T11:31:21Z","2019-06-21","2723343","https://open.spotify.com/episode/6iJ8tyzY9xoFJ3912JzlRK","1","false"
"4UH7aCIGl9Hsz1Kgiu6n57","episode","Social Anxiety","","2026-02-23T11:40:08Z","2025-06-18","1420608","https://open.spotify.com/episode/4UH7aCIGl9Hsz1Kgiu6n57","1","false"
"0DA8Ay7ZarjlTrtblklx9i","episode","Biden's humiliation on the world stage","","2026-02-23T11:41:29Z","2023-07-17","635951","https://open.spotify.com/episode/0DA8Ay7ZarjlTrtblklx9i","1","false"
"4KICRu8WPUJhXlk2pX95BV","episode","Go Woke Go Broke: The fall of mighty brands to the woke agenda","","2026-02-23T11:43:08Z","2023-07-13","937090","https://open.spotify.com/episode/4KICRu8WPUJhXlk2pX95BV","1","false"
"3woccDLWFU1cvOcQ5Oflue","episode","#2008 - Stephen C. Meyer","","2026-02-23T11:55:09Z","2023-07-13","11427049","https://open.spotify.com/episode/3woccDLWFU1cvOcQ5Oflue","2","true"
"1RrLLkuM6CsrUMnPjGSXpB","episode","Tim Kennedy on Witnessing the Fall of Afghanistan","","2026-02-23T12:01:00Z","2022-06-16","862741","https://open.spotify.com/episode/1RrLLkuM6CsrUMnPjGSXpB","1","false"
"4txuJPWtClfjNUYbVEa4v0","episode","I Abruptly Stopped Drinking Caffeine and This Happened","","2026-02-23T12:01:16Z","2022-12-20","819945","https://open.spotify.com/episode/4txuJPWtClfjNUYbVEa4v0","1","false"
"751srI66UlZESjNoq6t3Xx","episode","US and Saudi Arabia Relations: Part 1 || Peter Zeihan","","2026-02-26T03:06:23Z","2023-08-02","155904","https://open.spotify.com/episode/751srI66UlZESjNoq6t3Xx","1","false"
"78cfigjH6Xa2TEVFwPvxUJ","episode","Based Camp: What if Reincarnation Were Real?","","2026-02-26T03:11:20Z","2023-08-09","985782","https://open.spotify.com/episode/78cfigjH6Xa2TEVFwPvxUJ","1","false"
"20wrvkbV0g3Vklv7Jsz8s6","episode","Bev Jackson and Kate Harris: Confusion, Empathy, and Bullying Behind Trans Hijacking of Gay Rights","","2026-02-26T03:14:25Z","2023-08-09","4287477","https://open.spotify.com/episode/20wrvkbV0g3Vklv7Jsz8s6","1","false"
"1H3AsL5pFDDVBpZCeg8a7m","episode","Conversations: With Louise Perry, Author and Journalist","","2026-02-26T03:25:09Z","2023-07-28","4597368","https://open.spotify.com/episode/1H3AsL5pFDDVBpZCeg8a7m","1","false"
"6PlWCp1nccEbkWcna9iBxD","episode","The Most Misunderstood Concept in Physics","","2026-02-26T03:31:29Z","2024-12-18","1557269","https://open.spotify.com/episode/6PlWCp1nccEbkWcna9iBxD","1","false"
"5LAdolYDyMyBKiGzirkDW2","episode","I made an illegal home security system","","2026-02-26T03:33:32Z","2025-07-19","975656","https://open.spotify.com/episode/5LAdolYDyMyBKiGzirkDW2","1","false"
"","DROPPED_NULL","","","2026-02-14T15:53:09Z","","","","","false"
"","DROPPED_NULL","","","2026-02-14T16:05:05Z","","","","","false"
"","DROPPED_NULL","","","2026-02-14T16:50:38Z","","","","","false"
"","DROPPED_NULL","","","2026-02-14T19:39:47Z","","","","","false"
"","DROPPED_NULL","","","2026-02-15T17:08:51Z","","","","","false"
"","DROPPED_NULL","","","2026-02-15T18:38:56Z","","","","","false"
"","DROPPED_NULL","","","2026-02-15T19:16:22Z","","","","","false"
"","DROPPED_NULL","","","2026-02-15T19:29:30Z","","","","","false"
"","DROPPED_NULL","","","2026-02-23T10:49:41Z","","","","","false"
"6tVzhys5mjcv33vOKtdWmT","episode","Demon Time: The Self-Imposed ""Downfall"" of Doja Cat","","2026-02-26T03:40:59Z","2025-05-01","4570685","https://open.spotify.com/episode/6tVzhys5mjcv33vOKtdWmT","1","false"
"195d9xrO8135gkkjnqXqP2","episode","DPR IAN Talks Moodswings In To Order, His Time in the Kpop Industry & Living with Bipolar Disorder","","2026-02-26T03:41:13Z","2022-08-16","3262746","https://open.spotify.com/episode/195d9xrO8135gkkjnqXqP2","1","false"
"04wm43o0aLFep9xHZHodVh","episode","A case for color blindness | Coleman Hughes","","2026-02-26T03:42:38Z","2023-11-16","840202","https://open.spotify.com/episode/04wm43o0aLFep9xHZHodVh","1","false"
"2cntnKGILvmxHuJFtcnZih","episode","The Immorality of DEI | Peter Boghossian & Dorian Abbot","","2026-02-26T03:46:59Z","2023-10-04","2680032","https://open.spotify.com/episode/2cntnKGILvmxHuJFtcnZih","1","false"
"3AYP6acuo1YjD2Kt0ZCNKT","episode","Main character syndrome is a plague ","","2026-02-26T03:58:46Z","2025-07-14","1180223","https://open.spotify.com/episode/3AYP6acuo1YjD2Kt0ZCNKT","1","false"
"5IitaVKojGghKzvSw2LIqG","episode","How the Medical Model creates Learned Helplessness: Anxiety Course Day 7","","2026-02-26T04:02:23Z","2023-09-29","801433","https://open.spotify.com/episode/5IitaVKojGghKzvSw2LIqG","1","false"
"6gr1cKBE8VywXpVlMdisDm","episode","#2049- Coleman Hughes","","2026-02-26T04:03:19Z","2023-10-20","13358953","https://open.spotify.com/episode/6gr1cKBE8VywXpVlMdisDm","2","true"
"0CyhsuyuAU4LSxyvKWEOhR","episode","A Perspective on Female Loneliness","","2026-02-26T04:04:14Z","2022-08-09","3023386","https://open.spotify.com/episode/0CyhsuyuAU4LSxyvKWEOhR","1","false"
"1JCgRfXZISDwqtqbWuyd2s","episode","You're Probably Not An Introvert","","2026-02-26T04:04:24Z","2023-11-26","955742","https://open.spotify.com/episode/1JCgRfXZISDwqtqbWuyd2s","1","false"
"0vCeI8UvBGujWc00krW0xL","episode","CIA Spy's REACTION to Biden's Israel Address","","2026-02-26T04:04:53Z","2023-10-23","2950931","https://open.spotify.com/episode/0vCeI8UvBGujWc00krW0xL","1","false"
"3OoUuLBjMByfozfD3DtbSX","episode","Why Brunch Sucks | Katie Hughes | Stand Up Comedy","","2026-02-26T04:08:22Z","2025-08-29","706005","https://open.spotify.com/episode/3OoUuLBjMByfozfD3DtbSX","1","false"
"7edwvm2c6Ieuzun4xtFYCJ","episode","#2054 - Elon Musk ","","2026-02-26T04:13:54Z","2023-10-31","9676606","https://open.spotify.com/episode/7edwvm2c6Ieuzun4xtFYCJ","2","true"
"79xII5djWfXn0FO67OPUFG","episode","The ADHD Doctor: “I’ve Scanned 250,000 Brains” You (Steven Bartlett) Have ADHD! & Coffee Is Damaging Your Brain!!! Dr Daniel Amen","","2026-02-26T04:17:17Z","2023-10-30","6392490","https://open.spotify.com/episode/79xII5djWfXn0FO67OPUFG","1","false"
"5Lo99JglNtb8JOzKmiYPvC","episode","Conversations: Douglas Murray, Journalist and Author","","2026-02-26T04:19:06Z","2023-11-08","3668664","https://open.spotify.com/episode/5Lo99JglNtb8JOzKmiYPvC","1","false"
"580aA5P7HC1OBgochiKwvF","episode","Temu: The Scummiest Company In The World | Moon","","2026-02-26T04:19:19Z","2026-08-25","1040561","https://open.spotify.com/episode/580aA5P7HC1OBgochiKwvF","1","false"
"0EzsG5KkIYrJFs50f15EBu","episode","The Satisfying Downfall of SSSniperWolf","","2026-02-26T04:21:27Z","2025-07-30","1374458","https://open.spotify.com/episode/0EzsG5KkIYrJFs50f15EBu","1","false"
"7anrpdS953L53ilNR3U8K4","episode","The SSSniperWolf Situation Gets Worse...","","2026-02-26T04:22:24Z","2025-08-05","806057","https://open.spotify.com/episode/7anrpdS953L53ilNR3U8K4","1","false"
"0sz70p6RVcAdlVsHnTbB0n","episode","Why Does Hollywood Keep Making Movies No One Asked For? | Moon","","2026-02-26T04:27:07Z","2026-08-22","771134","https://open.spotify.com/episode/0sz70p6RVcAdlVsHnTbB0n","1","false"
"0QgOL0xJv8hp0J1oxDjNsh","episode","Why Pixar Is Collapsing: The Coming Pixar Crisis | Moon","","2026-02-26T04:29:59Z","2026-08-24","1320071","https://open.spotify.com/episode/0QgOL0xJv8hp0J1oxDjNsh","1","false"
"3PWwEpItmTlpZlWO5oG3ew","episode","Why Girls Become Boys","","2026-02-26T04:34:11Z","2021-03-29","333792","https://open.spotify.com/episode/3PWwEpItmTlpZlWO5oG3ew","1","false"
"1oKs89oBfG9ARfDVx14v5j","episode","Why does Kevin Spacey keep getting off?","","2026-02-26T04:35:22Z","2025-01-29","771239","https://open.spotify.com/episode/1oKs89oBfG9ARfDVx14v5j","1","false"
"139aLPxFibLDW11nAjrh19","episode","What Happened To YouTube? | Logically Answered","","2026-02-26T04:39:04Z","2026-08-19","909165","https://open.spotify.com/episode/139aLPxFibLDW11nAjrh19","1","false"
"6UW4oCaPocZa4PcvSgHOPG","episode","Why GenZ Can't Speak or Think Clearly | Joseph Tsar","","2026-02-26T04:39:55Z","2026-08-23","2003670","https://open.spotify.com/episode/6UW4oCaPocZa4PcvSgHOPG","1","false"
"4vuhaTBXwXmuou8995mDuH","episode","How Russell Brand Speaks So Articulately (Genius) | Joseph Tsar","","2026-02-26T04:40:56Z","2026-08-22","804153","https://open.spotify.com/episode/4vuhaTBXwXmuou8995mDuH","1","false"
"70QGJaktaNjgCa6HCIIckv","episode","251: Our biggest Wang yet - Part 1","","2026-02-26T04:45:43Z","2022-01-14","2174928","https://open.spotify.com/episode/70QGJaktaNjgCa6HCIIckv","1","false"
"6ml9JRuC4pkSuLQOKIoKcT","episode","251: Our biggest Wang yet - Part 2","","2026-02-26T04:45:49Z","2022-01-14","1472287","https://open.spotify.com/episode/6ml9JRuC4pkSuLQOKIoKcT","1","false"
"2VdOITiKENVSqZvZDY0HrV","episode","#2067 - Dave Smith","","2026-02-26T04:46:02Z","2023-11-23","10234878","https://open.spotify.com/episode/2VdOITiKENVSqZvZDY0HrV","2","true"
"3EBA2MSn6iN0TCWRepKlrV","episode","Episode 254: What We Get Wrong About Men’s Bodies","","2026-02-26T04:59:42Z","2024-01-02","2139951","https://open.spotify.com/episode/3EBA2MSn6iN0TCWRepKlrV","1","false"
"7a7zJuXA6bVbjKyicM8ztL","episode","The Economy of the UK Is in Serious Trouble","","2026-02-26T05:02:19Z","2023-12-26","1002665","https://open.spotify.com/episode/7a7zJuXA6bVbjKyicM8ztL","1","false"
"5mCDkzbtww7bmYKgM2U3Gb","episode","Why Crows Are as Smart as 7-Year-Old Humans","","2026-02-26T05:04:06Z","2024-07-25","1028458","https://open.spotify.com/episode/5mCDkzbtww7bmYKgM2U3Gb","1","false"
"41j33rzo0nDZDx9taDfS3o","episode","Hidden Psychology Of The World’s Best Advertising - Rory Sutherland - #735","","2026-02-26T05:04:24Z","2024-01-22","7941162","https://open.spotify.com/episode/41j33rzo0nDZDx9taDfS3o","1","false"
"0w6T7pnsZYRAJs005gdYqF","episode","Why Smart People Believe Silly Things - Alex O'Connor","","2026-02-26T05:06:53Z","2021-04-02","3103811","https://open.spotify.com/episode/0w6T7pnsZYRAJs005gdYqF","1","false"
"1TFQRJJD8foreWkDigm0J9","episode","#55  Robert Sapolsky - Free Will Doesn't Exist. Now What?","","2026-02-26T05:08:59Z","2024-02-11","3415745","https://open.spotify.com/episode/1TFQRJJD8foreWkDigm0J9","1","false"
"59oKNiCEUGI4SWfEI892Nm","episode","#48 Edward Feser - Aristotle's Argument for God","","2026-02-26T05:14:36Z","2023-12-16","5620401","https://open.spotify.com/episode/59oKNiCEUGI4SWfEI892Nm","1","false"
"2uDq9hDkdoUrh4x3a9UznL","episode","#50 Sisyphus 55 - Nihilism and the Manosphere","","2026-02-26T05:15:40Z","2024-01-07","5303666","https://open.spotify.com/episode/2uDq9hDkdoUrh4x3a9UznL","1","false"
"5qmBhRBTmMKCPAa65UklY0","episode","Are multicultural societies doomed? | Charles Murray & Helmuth Nyborg ","","2026-02-26T05:18:33Z","2024-01-01","598890","https://open.spotify.com/episode/5qmBhRBTmMKCPAa65UklY0","1","false"
"7cxrhZufyEpZw4M8ghnQOo","episode","Race and IQ: Should we discuss it publicly? | Bo Winegard and Noah Carl","","2026-02-26T05:18:50Z","2024-02-04","613056","https://open.spotify.com/episode/7cxrhZufyEpZw4M8ghnQOo","1","false"
"4Q8DMpZU4pUdRkA2Zv1hMo","episode","Debating Open Borders: Carl vs Caplan","","2026-02-26T05:19:06Z","2023-11-24","4674793","https://open.spotify.com/episode/4Q8DMpZU4pUdRkA2Zv1hMo","1","false"
"3ebPPYrEL9zdv0o7oWelSc","episode","17 Shocking Lessons About Human Psychology - Gurwinder Bhogal - #742","","2026-02-26T05:25:05Z","2024-02-08","6785578","https://open.spotify.com/episode/3ebPPYrEL9zdv0o7oWelSc","1","false"
"6Cc639egoS9uEw9TosN2WN","episode","How Privileged Thinking Drives Our Entire Culture - Rob Henderson - #748","","2026-02-26T05:30:18Z","2024-02-22","6480511","https://open.spotify.com/episode/6Cc639egoS9uEw9TosN2WN","1","false"
"6JZELg180JVtLCcIi72U6N","episode","Shane Gillis Addresses SNL Firing Controversy","","2026-02-26T05:32:50Z","2021-07-21","822869","https://open.spotify.com/episode/6JZELg180JVtLCcIi72U6N","1","false"
"3t3Hdm2gJdzNp1xJE4Dbfb","episode","#2113 - Christopher Rufo","","2026-02-26T05:52:15Z","2024-03-05","8587774","https://open.spotify.com/episode/3t3Hdm2gJdzNp1xJE4Dbfb","1","false"
"0Oxszhx5d5ujeATVrLvz0D","episode","Nietzsche and the Shadow of God | Dr. Michael Rosen","","2026-02-26T05:53:35Z","2024-03-10","610666","https://open.spotify.com/episode/0Oxszhx5d5ujeATVrLvz0D","1","false"
"5H5KiiRit1lSHo2z93KTpZ","episode","#2115 - Riley Gaines","","2026-02-26T05:53:51Z","2024-03-07","8945300","https://open.spotify.com/episode/5H5KiiRit1lSHo2z93KTpZ","1","false"
"3dnj4vwWUrgAo9LWSqRxmK","episode","#58 Michael Knowles - Is America a Christian Nation?","","2026-02-26T05:55:39Z","2024-03-10","5052499","https://open.spotify.com/episode/3dnj4vwWUrgAo9LWSqRxmK","1","false"
"2vUFMTdGj7ty8nzXEbOkRD","episode","Inside the Bubble of Public Broadcasting - Josh Szeps","","2026-02-26T05:58:17Z","2024-03-17","4915670","https://open.spotify.com/episode/2vUFMTdGj7ty8nzXEbOkRD","1","false"
"6SnusY6YtEtF6fVuFeZlxr","episode","Is Apple Cider Vinegar Safe for Your Hair?","","2026-02-26T06:00:54Z","2019-11-19","161100","https://open.spotify.com/episode/6SnusY6YtEtF6fVuFeZlxr","1","false"
"7jA5CegsjDSCV6deCuVIpo","episode","What Does Science Say Makes Someone Attractive? - Macken Murphy - #751","","2026-02-26T20:52:03Z","2024-02-29","7352383","https://open.spotify.com/episode/7jA5CegsjDSCV6deCuVIpo","1","false"
"4WiARZiOa5jHq2YvUxYiLy","episode","More Than Hon Hon Hon: What Are the French Up to in Ukraine? || Peter Zeihan","","2026-02-26T20:52:46Z","2024-03-27","473766","https://open.spotify.com/episode/4WiARZiOa5jHq2YvUxYiLy","1","false"
"4qqGvT0tU5kgn3WTCrXs0x","episode","The Psychology of The Villain","","2026-02-26T20:53:06Z","2024-03-26","2839011","https://open.spotify.com/episode/4qqGvT0tU5kgn3WTCrXs0x","1","false"
"4vRN4qiG5cvfphSpoJstIU","episode","Tales from the pre-Civil War | Charles Veitch","","2026-02-26T21:47:30Z","2024-01-01","3641136","https://open.spotify.com/episode/4vRN4qiG5cvfphSpoJstIU","1","false"
"2hr3bpA4Ius7ra1Zzz81hg","episode","Why Smart People Believe Stupid Things | After Skool","","2026-02-27T11:01:59Z","2026-08-18","968594","https://open.spotify.com/episode/2hr3bpA4Ius7ra1Zzz81hg","1","false"
"6IdKs1tJDKSNplyyztWU4w","episode","The OnlyFans Aristocrats","","2026-02-27T21:45:20Z","2024-04-11","2053799","https://open.spotify.com/episode/6IdKs1tJDKSNplyyztWU4w","1","false"
"2h8XoT1udcGSpu1kxSDrB7","episode","Iran Attacks Israel, Sort Of... || Peter Zeihan","","2026-02-27T21:48:36Z","2024-04-15","309566","https://open.spotify.com/episode/2h8XoT1udcGSpu1kxSDrB7","2","true"
"0Nn0uJaxQtHzPEqqXYzmLz","episode","Nigeria, After America || Peter Zeihan","","2026-02-27T21:48:52Z","2024-02-19","553400","https://open.spotify.com/episode/0Nn0uJaxQtHzPEqqXYzmLz","2","true"
"7KJw6pGzcxTZNOYKQFGspj","episode","Europe's Latest S*** Show: Farmers On Strike || Peter Zeihan","","2026-02-27T21:49:11Z","2024-03-04","359266","https://open.spotify.com/episode/7KJw6pGzcxTZNOYKQFGspj","2","true"
"145uEuDSNnc1LyVMy8Otlw","episode","India, After America || Peter Zeihan","","2026-02-28T01:54:45Z","2024-01-01","509424","https://open.spotify.com/episode/145uEuDSNnc1LyVMy8Otlw","1","false"
"5S4WyvRtfGGac2tKMpNBIh","episode","How Shrinking Populations Determine Economic Growth || Peter Zeihan","","2026-02-28T01:54:58Z","2024-03-21","332866","https://open.spotify.com/episode/5S4WyvRtfGGac2tKMpNBIh","1","false"
"1J69Z5EqKZvXKX57jcfFm2","episode","Israel and Russia Fall Out (Sending Aid to Ukraine) || Peter Zeihan","","2026-02-28T02:10:18Z","2024-03-01","374033","https://open.spotify.com/episode/1J69Z5EqKZvXKX57jcfFm2","1","false"
"66YYiMCsrnrjgUtpgcDYTl","episode","Things I (Do) Worry About: Higher Education in the US || Peter Zeihan","","2026-02-28T02:10:28Z","2024-03-29","337233","https://open.spotify.com/episode/66YYiMCsrnrjgUtpgcDYTl","1","false"
"6jgcyaX9TRyNz3waNW5j7m","episode","What Is Your Attachment Style & How To Fix It - Connor Beaton - #781","","2026-02-28T02:20:17Z","2024-05-09","6228373","https://open.spotify.com/episode/6jgcyaX9TRyNz3waNW5j7m","1","false"
"6VDO7ogtwrMRrAZ3XoKpIK","episode","Is the US headed towards another civil war? | Barbara F. Walter","","2026-02-28T02:22:17Z","2023-08-14","804284","https://open.spotify.com/episode/6VDO7ogtwrMRrAZ3XoKpIK","1","false"
"4tCZd1oUyt5hhdHjKZC7rO","episode","How To Control Your Emotions & Become Mentally Strong - Dr K HealthyGamer - #768","","2026-02-28T02:26:38Z","2024-04-08","7661674","https://open.spotify.com/episode/4tCZd1oUyt5hhdHjKZC7rO","1","false"
"6rMxGGmwI5e8eHaQV7gjZ6","episode","#65 Esoterica - The History of Yahweh","","2026-02-28T02:28:35Z","2024-04-28","6270798","https://open.spotify.com/episode/6rMxGGmwI5e8eHaQV7gjZ6","1","false"
"5RGY6bjzy7Mv48kuJbT3ur","episode","I found out my father was a Sperm donor at 53 | Simon Evans","","2026-02-28T02:28:59Z","2024-05-02","3792936","https://open.spotify.com/episode/5RGY6bjzy7Mv48kuJbT3ur","1","false"
"7zgFOv0sHyvnXEwAgf27eZ","episode","#2148 - Gad Saad","","2026-02-28T02:30:11Z","2024-05-09","12624020","https://open.spotify.com/episode/7zgFOv0sHyvnXEwAgf27eZ","1","false"
"4soUzqAPKeuursbJYxHkcb","episode","Andrew Doyle: ""Vote Left or Right, You Still Get Woke Politics""","","2026-02-28T02:30:23Z","2022-09-08","3656620","https://open.spotify.com/episode/4soUzqAPKeuursbJYxHkcb","1","false"
"0bCDNliWDmbbWOGIXJ9Xu1","episode","Conversations: Konstantin Kisin, Podcaster, Comedian & Commentator IV","","2026-02-28T02:31:42Z","2024-03-15","3668664","https://open.spotify.com/episode/0bCDNliWDmbbWOGIXJ9Xu1","1","false"
"6a15Vbiz90Id04nMlSrUMU","episode","Psychiatric Love Letters by Fern Brady Power and Chaos","","2026-02-28T02:33:52Z","2025-01-10","901770","https://open.spotify.com/episode/6a15Vbiz90Id04nMlSrUMU","2","true"
"3qPdZuXsciHzgAiLHlmj7e","episode","My Trans Twitter Spat With J.K Rowling - Caolan Robertson","","2026-02-28T02:34:12Z","2024-04-03","3512006","https://open.spotify.com/episode/3qPdZuXsciHzgAiLHlmj7e","1","false"
"4itbS1dbAzAD4CwD3FqkUK","episode","The Medical System Is No Safer Than the School System","","2026-02-28T02:39:37Z","2024-05-23","1977194","https://open.spotify.com/episode/4itbS1dbAzAD4CwD3FqkUK","1","false"
"74O8cX3knNoE6brSoMxV5Z","episode","New Chinese Demographic Data = Population Collapse || Peter Zeihan","","2026-02-28T02:39:54Z","2023-06-29","307056","https://open.spotify.com/episode/74O8cX3knNoE6brSoMxV5Z","1","false"
"5TyOHByQt5RDJwA0COHgYm","episode","The Chinese Collapse: A (MASSIVE) Housing Overbuild || Peter Zeihan","","2026-02-28T02:40:19Z","2023-09-27","571368","https://open.spotify.com/episode/5TyOHByQt5RDJwA0COHgYm","1","false"
"3ePbSJqccPho0D3hv6QPce","episode","The Truth About War with Combat Veteran Kelsi Sheren","","2026-02-28T02:43:20Z","2024-03-03","4709590","https://open.spotify.com/episode/3ePbSJqccPho0D3hv6QPce","1","false"
"6JzJYyactmT7PLYYUkOtc4","episode","Why Israel is in deep trouble with John Mearsheimer & Tom Switzer","","2026-02-28T02:48:17Z","2025-02-21","5700702","https://open.spotify.com/episode/6JzJYyactmT7PLYYUkOtc4","1","false"
"32x0iH4cH9FoYL7dWduzF0","episode","Woke U.S. Military Crisis: Worst Recruiting Year Since 1973","","2026-02-28T03:04:47Z","2023-07-12","1500949","https://open.spotify.com/episode/32x0iH4cH9FoYL7dWduzF0","1","false"
"5ImPJahEI0jJjLTYuwMcXg","episode","The (Much Extended) Agony of Israel and Gaza || Peter Zeihan","","2026-02-28T03:10:47Z","2024-05-28","457466","https://open.spotify.com/episode/5ImPJahEI0jJjLTYuwMcXg","2","true"
"6qxEdv2VPgHKw7vqOReO8x","episode","299. Psychedelic Science | Dr. Dennis McKenna","","2026-02-28T03:11:33Z","2022-10-24","5271222","https://open.spotify.com/episode/6qxEdv2VPgHKw7vqOReO8x","1","false"
"38S4xQS1qbRRaeO2jWnCDw","episode","It's SO OVER for Dubai | Philion","","2026-02-28T07:04:06Z","2026-08-26","974811","https://open.spotify.com/episode/38S4xQS1qbRRaeO2jWnCDw","1","false"
"0TUHbsKGbptFyk7plCoSak","episode","LLP #103: ""Military Recruitment Numbers TANKING!""","","2026-02-28T07:06:01Z","2022-09-24","3724617","https://open.spotify.com/episode/0TUHbsKGbptFyk7plCoSak","1","false"
"2Y37xdWLEOHzzWvIzRRMHW","episode","Ukraine Opens Up on Belgorod || Peter Zeihan","","2026-02-28T07:08:30Z","2024-06-03","399466","https://open.spotify.com/episode/2Y37xdWLEOHzzWvIzRRMHW","1","false"
"47tUmlejuGFrrWB6G9Xmir","episode","Geopolitics of Terror Groups: ISIS and ISIS Khorasan || Peter Zeihan","","2026-02-28T07:08:52Z","2024-04-08","380833","https://open.spotify.com/episode/47tUmlejuGFrrWB6G9Xmir","1","false"
"4EIcEDqC3jiWBvQhME7TEI","episode","Will Venezuela Invade Guyana for Oil? || Peter Zeihan","","2026-02-28T07:09:04Z","2024-04-04","211433","https://open.spotify.com/episode/4EIcEDqC3jiWBvQhME7TEI","1","false"
"0FDMCIKRhbLi71PEo7UvdE","episode","Things I (Do) Worry About: A Post-Germany Europe || Peter Zeihan","","2026-02-28T07:09:22Z","2024-04-05","181766","https://open.spotify.com/episode/0FDMCIKRhbLi71PEo7UvdE","1","false"
"20UJ3TUmjLJ4AhLoOW96se","episode","Germany Becomes (Terrifyingly) Normal || Peter Zeihan","","2026-02-28T07:09:35Z","2023-12-22","265433","https://open.spotify.com/episode/20UJ3TUmjLJ4AhLoOW96se","1","false"
"5ZTRge4syg97IrywgegAC9","episode","Are We a Racist Country ?","","2026-02-28T07:15:53Z","2024-06-07","3935712","https://open.spotify.com/episode/5ZTRge4syg97IrywgegAC9","1","false"
"5e4dAFvevmo0bguJYtIBgF","episode","Why France and Azerbaijan Are Fighting Over New Caledonia || Peter Zeihan","","2026-02-28T07:25:25Z","2024-05-27","222700","https://open.spotify.com/episode/5e4dAFvevmo0bguJYtIBgF","1","false"
"7Ih2cDaaOhpMUQHFm6sxCX","episode","Redback Unleashed: Australia's Deadly Infantry Fighting Vehicle Revolutionizes The Defence Force!","","2026-02-28T07:28:18Z","2024-05-16","527978","https://open.spotify.com/episode/7Ih2cDaaOhpMUQHFm6sxCX","1","false"
"2lnwiZclcaU0Pp2kmIRnGs","episode","The Impending Collapse of Venezuela || Peter Zeihan","","2026-02-28T07:31:15Z","2024-06-12","374166","https://open.spotify.com/episode/2lnwiZclcaU0Pp2kmIRnGs","2","true"
"49cc19EGRlwSVX40b7fVDy","episode","Why Austria, Slovakia and (Especially) Hungary Are Ignoring Ukraine? || Peter Zeihan","","2026-02-28T07:31:30Z","2024-06-11","354733","https://open.spotify.com/episode/49cc19EGRlwSVX40b7fVDy","1","false"
"5K9rrsCNDJjzu4yOYQDOzJ","episode","Lessons on Elections and Faith from Unexpected Places || Peter Zeihan","","2026-02-28T07:31:41Z","2024-06-10","223600","https://open.spotify.com/episode/5K9rrsCNDJjzu4yOYQDOzJ","1","false"
"3imAnrHP6m2da5uvIvN84G","episode","Major European Powers Lean Right in Recent Elections || Peter Zeihan","","2026-02-28T07:31:53Z","2024-06-13","379133","https://open.spotify.com/episode/3imAnrHP6m2da5uvIvN84G","1","false"
"46dVmgQ9zqol4wyrXRdf5k","episode","CIA Spy on Trump, China’s Takeover, & Israel-Palestine","","2026-02-28T07:38:35Z","2024-03-13","12050703","https://open.spotify.com/episode/46dVmgQ9zqol4wyrXRdf5k","1","false"
"52CgVPnayx6Qx4wajogMKL","episode","Danger in the Red Sea: Who Shall the Houthis Let Pass? || Peter Zeihan","","2026-02-28T07:43:35Z","2024-06-04","135566","https://open.spotify.com/episode/52CgVPnayx6Qx4wajogMKL","1","false"
"61n1BdhLFtpzE5LMcNEEsy","episode","Is Mexico's New President Just a Puppet for AMLO? || Peter Zeihan","","2026-02-28T07:43:45Z","2024-06-05","302000","https://open.spotify.com/episode/61n1BdhLFtpzE5LMcNEEsy","1","false"
"1dSQMdCnIYQzP4VLPRz8RI","episode","The Anti-intellectualism of Women | Daniella Pentsak","","2026-02-28T07:46:17Z","2024-06-09","3582302","https://open.spotify.com/episode/1dSQMdCnIYQzP4VLPRz8RI","1","false"
"6HdZksM4X5ls7aTwgythji","episode","#71 Unsolicited Advice - An Introduction to Nihilism","","2026-02-28T07:47:22Z","2024-06-09","4790726","https://open.spotify.com/episode/6HdZksM4X5ls7aTwgythji","1","false"
"2TiLVIKuWrlxCAItXoARwc","episode","#2162 - Tim Dillon","","2026-02-28T08:04:17Z","2024-06-11","8577833","https://open.spotify.com/episode/2TiLVIKuWrlxCAItXoARwc","1","false"
"5F0nS9s0yFs6eD3TWw7qjw","episode","Strong American Growth (and Something to Worry About) || Peter Zeihan","","2026-02-28T08:06:22Z","2024-06-19","400900","https://open.spotify.com/episode/5F0nS9s0yFs6eD3TWw7qjw","1","false"
"3sxKr5mMSqIJa08PWhm4dm","episode","Russia and the Changing Nature of the Spy Game || Peter Zeihan","","2026-02-28T08:06:32Z","2024-06-20","265533","https://open.spotify.com/episode/3sxKr5mMSqIJa08PWhm4dm","1","false"
"1kkMHjpXq3G5Hr3F7qMMS9","episode","Mr. Putin Goes to Hanoi || Peter Zeihan","","2026-02-28T08:10:09Z","2024-06-21","243333","https://open.spotify.com/episode/1kkMHjpXq3G5Hr3F7qMMS9","1","false"
"33WV6siEZTcJNiUPSfD7oo","episode","Ukraine: F-16s, Offensives, and Abject Humiliation || Peter Zeihan","","2026-02-28T08:10:22Z","2024-06-18","331666","https://open.spotify.com/episode/33WV6siEZTcJNiUPSfD7oo","1","false"
"6GNNfxb6TusHRBgLusLH5R","episode","Babylon Bee CEO: Mocking the Woke Left and Woke Right - Seth Dillon","","2026-02-28T08:19:06Z","2024-06-23","3569031","https://open.spotify.com/episode/6GNNfxb6TusHRBgLusLH5R","1","false"
"6bqsCsJafnpGWUcOcLvXi1","episode","When the Rich Get Exposed Pretending To Be Poor | Moon","","2026-02-28T08:23:24Z","2026-08-21","1201658","https://open.spotify.com/episode/6bqsCsJafnpGWUcOcLvXi1","1","false"
"2fOAcVZWuM1yVHLQlyoTa8","episode","453. Potential Solutions to Fix Mass Indoctrination | Eric Kaufmann","","2026-02-28T08:29:27Z","2024-06-06","5141211","https://open.spotify.com/episode/2fOAcVZWuM1yVHLQlyoTa8","1","false"
"0LZ3yqrvF2eZ3ZN2svf4gf","episode","459. Texas Children's Hospital Exposed for Illegal Gender Affirming Care | Dr. Eithan Haim","","2026-02-28T08:51:51Z","2024-06-27","5345776","https://open.spotify.com/episode/0LZ3yqrvF2eZ3ZN2svf4gf","1","false"
"73T1iJjUEZBvNggP3WuEwT","episode","The Evolutionary Psychology Of Human Morality - Rob Kurzban - #796","","2026-02-28T08:54:48Z","2024-06-13","6216362","https://open.spotify.com/episode/73T1iJjUEZBvNggP3WuEwT","1","false"
"7eGKzorQhn84PFvqaP73kh","episode","Why The World’s #1 Pickup Artist Left The Game Behind - Neil Strauss - #789 ","","2026-02-28T08:58:27Z","2024-05-27","6519658","https://open.spotify.com/episode/7eGKzorQhn84PFvqaP73kh","1","false"
"3F72MA1NwSDgmDOG1X7x15","episode","#2171 - Eric Weinstein & Terrence Howard","","2026-02-28T08:59:14Z","2024-07-01","14604990","https://open.spotify.com/episode/3F72MA1NwSDgmDOG1X7x15","1","false"
"20Tr9iRJ7k1oYnfyUlyRmR","episode","458. Strictness Absent Tyranny Leads to a Great Education | Katharine Birbalsingh","","2026-02-28T09:00:59Z","2024-06-24","5234755","https://open.spotify.com/episode/20Tr9iRJ7k1oYnfyUlyRmR","1","false"
"1XeQw47d4t1fC0yJnwzSYC","episode","South Korea is dying (but it has a plan)","","2026-02-28T09:04:21Z","2024-06-24","1135956","https://open.spotify.com/episode/1XeQw47d4t1fC0yJnwzSYC","1","false"
"2vK478YXFA9lP3MbdoeZ7W","episode","Iran’s President Raisi has died. What now?","","2026-02-28T09:04:34Z","2024-05-23","761905","https://open.spotify.com/episode/2vK478YXFA9lP3MbdoeZ7W","1","false"
"2USFbJmlgn9wuQTvuPr7Gs","episode","Mali, Niger, and Burkina Faso to form a confederation","","2026-02-28T09:04:46Z","2024-03-25","1324149","https://open.spotify.com/episode/2USFbJmlgn9wuQTvuPr7Gs","1","false"
"0VMbwRvHM9mFfka79Uac7f","episode","America and China fight to control minerals that run the world","","2026-02-28T09:05:34Z","2024-04-25","1221626","https://open.spotify.com/episode/0VMbwRvHM9mFfka79Uac7f","1","false"
"4OOrGKZGSSMyGvAMJ0GFoN","episode","How the UAE thrives in a dangerous world","","2026-02-28T09:05:45Z","2024-03-16","1436777","https://open.spotify.com/episode/4OOrGKZGSSMyGvAMJ0GFoN","1","false"
"1wHtovnPK6UOGHT6jnQJ6F","episode","Why Egypt is selling a city to UAE for $35 billion","","2026-02-28T09:05:58Z","2024-04-12","1092648","https://open.spotify.com/episode/1wHtovnPK6UOGHT6jnQJ6F","1","false"
"5qswMtDzGVjjP8X2uUgUBe","episode","Iraq is dying (and that is a global problem)","","2026-02-28T09:06:09Z","2024-06-11","1199289","https://open.spotify.com/episode/5qswMtDzGVjjP8X2uUgUBe","1","false"
"2AdgB6RqpE6M1stQ0IX8Ip","episode","How America is pushing China out of the internet","","2026-02-28T09:06:26Z","2023-11-17","1450245","https://open.spotify.com/episode/2AdgB6RqpE6M1stQ0IX8Ip","1","false"
"0Ue2gx0YuQwaTVuOtQS8Mm","episode","How the world is preparing for Trump’s return","","2026-02-28T09:06:41Z","2024-04-02","1280723","https://open.spotify.com/episode/0Ue2gx0YuQwaTVuOtQS8Mm","1","false"
"75x2rTXx5zlGHb7AhGOJyR","episode","How Yemeni rebels are wrecking the global economy","","2026-02-28T09:07:00Z","2024-01-08","951747","https://open.spotify.com/episode/75x2rTXx5zlGHb7AhGOJyR","1","false"
"4UhSnWuAXa8hjwnOaKzvK9","episode","How Britain is turning the North Sea into a massive power plant","","2026-02-28T09:07:35Z","2023-12-27","777633","https://open.spotify.com/episode/4UhSnWuAXa8hjwnOaKzvK9","1","false"
"4MHqFqYYIO8aQYc47AYUbM","episode","How Czechia plans to connect Europe’s major rivers","","2026-02-28T09:07:48Z","2023-12-22","1182284","https://open.spotify.com/episode/4MHqFqYYIO8aQYc47AYUbM","1","false"
"4eNlocAgUrbHV9eCKrNYyk","episode","Mapping the rise of Turkey’s military reach","","2026-02-28T09:10:57Z","2022-01-10","961847","https://open.spotify.com/episode/4eNlocAgUrbHV9eCKrNYyk","1","false"
"3GVEBHxeM2u1cGZXVQWx2L","episode","China and Australia compete for Pacific supremacy","","2026-02-28T09:12:18Z","2022-09-24","1003267","https://open.spotify.com/episode/3GVEBHxeM2u1cGZXVQWx2L","1","false"
"6EC1gYg4RJb9Y0VKEP0fxY","episode","Conversations: Peter Court and Walter Purio, Experts in Maritime Security","","2026-02-28T09:14:57Z","2024-06-07","3874008","https://open.spotify.com/episode/6EC1gYg4RJb9Y0VKEP0fxY","1","false"
"32y1RntG5PtvwZeRvtYFVy","episode","Why Is Cultural Christianity On The Rise? - Alex O'Connor - #807 ","","2026-02-28T09:21:57Z","2024-07-08","8040533","https://open.spotify.com/episode/32y1RntG5PtvwZeRvtYFVy","1","false"
"49WPdwQraRnYG80PhMp4h1","episode","Chaos Theory: The Hidden Force That Secretly Controls Your Life - Brian Klaas - #806","","2026-02-28T21:03:41Z","2024-07-06","5379008","https://open.spotify.com/episode/49WPdwQraRnYG80PhMp4h1","1","false"
"3ZG7Jdx5vJOvBKJV03qSRb","episode","Somalia gave its coastline away, here's why it matters","","2026-02-28T21:04:25Z","2024-06-01","1014783","https://open.spotify.com/episode/3ZG7Jdx5vJOvBKJV03qSRb","1","false"
"0vWZWnCoFJ3FsCN8Fx7Kvq","episode","Sex is binary | Colin Wright","","2026-02-28T21:05:47Z","2024-07-14","1584128","https://open.spotify.com/episode/0vWZWnCoFJ3FsCN8Fx7Kvq","1","false"
"6G618X8EvlpvT4a9aTUTVg","episode","14 Uncomfortable Truths About Human Psychology - Gurwinder Bhogal - #805","","2026-02-28T21:06:22Z","2024-07-04","6267242","https://open.spotify.com/episode/6G618X8EvlpvT4a9aTUTVg","1","false"
"6USqfnDnICAkW4tU1EcLub","episode","#2174 - Annie Jacobsen","","2026-02-28T21:11:29Z","2024-07-10","10241641","https://open.spotify.com/episode/6USqfnDnICAkW4tU1EcLub","2","true"
"3s9FZPDZEGhOBuIkQ1EHxT","episode","Direct: With Victor Davis Hanson, Historian, Commentator and Author","","2026-02-28T21:11:56Z","2024-05-10","5063445","https://open.spotify.com/episode/3s9FZPDZEGhOBuIkQ1EHxT","1","false"
"77etrbElGWrBM34XsPFDi2","episode","How Malaysia is becoming the next global chip giant","","2026-02-28T21:18:25Z","2024-07-20","1234070","https://open.spotify.com/episode/77etrbElGWrBM34XsPFDi2","1","false"
"1b3saJbGQNp0McTiYjQj98","episode","Why Venezuela wants to annex Guyana","","2026-02-28T21:18:39Z","2024-01-26","943553","https://open.spotify.com/episode/1b3saJbGQNp0McTiYjQj98","1","false"
"53P2wWbSb81BR6recViYps","episode","How Ethiopia could trigger Africa's deadliest conflict","","2026-02-28T21:18:53Z","2024-01-12","1292598","https://open.spotify.com/episode/53P2wWbSb81BR6recViYps","1","false"
"237l4yyUvzIxstB5We2oYM","episode","Evolutionary theories of female gossip | Tania Reynolds","","2026-02-28T21:19:16Z","2024-07-21","1596970","https://open.spotify.com/episode/237l4yyUvzIxstB5We2oYM","1","false"
"1MQISsSi7YdE26eri6ptwH","episode","4 Out-Of-Place Artefacts that Shouldn't Have Existed","","2026-02-28T21:24:32Z","2024-11-27","907064","https://open.spotify.com/episode/1MQISsSi7YdE26eri6ptwH","1","false"
"7uo3laXbDYblj7csRNwD2h","episode","Emergency Episode: Special Forces Sniper Explains Trump Shooting - Tim Kennedy - #811 ","","2026-02-28T21:32:19Z","2024-07-16","3800618","https://open.spotify.com/episode/7uo3laXbDYblj7csRNwD2h","1","false"
"3DA6hHOyvsXWA1653UCLry","episode","Emergency Episode: Former CIA Agent On Trump Assassination Attempt - Mike Baker - #812 ","","2026-02-28T21:32:32Z","2024-07-17","4302720","https://open.spotify.com/episode/3DA6hHOyvsXWA1653UCLry","2","true"
"5DOxLZ4aln1hxyZReT1OrM","episode","Trapped in a Scottish Accent by Fern Brady Power and Chaos","","2026-02-28T22:45:06Z","2025-01-10","669129","https://open.spotify.com/episode/5DOxLZ4aln1hxyZReT1OrM","1","false"
"5hnlx01AuAMCP9huUio70l","episode","Bendy Dads and Biting Teachers | Dan Donohue | Stand Up Comedy","","2026-02-28T22:45:33Z","2025-05-14","682773","https://open.spotify.com/episode/5hnlx01AuAMCP9huUio70l","2","true"
"059kS1VCKeHzTatMFO9dnT","episode","A Crack in the North American Drug War || Peter Zeihan","","2026-02-28T23:21:50Z","2024-08-01","403800","https://open.spotify.com/episode/059kS1VCKeHzTatMFO9dnT","1","false"
"3VUAwQkIBhPLtIssvoJfbP","episode","China’s Tariff Wars: The EU Opens a New Front || Peter Zeihan","","2026-02-28T23:22:01Z","2024-08-02","472366","https://open.spotify.com/episode/3VUAwQkIBhPLtIssvoJfbP","1","false"
"6TtQmFYX40otER5sBVMkQV","episode","The Gaza Conflict and Shifting Politics in Israel || Peter Zeihan","","2026-02-28T23:22:11Z","2024-07-25","355066","https://open.spotify.com/episode/6TtQmFYX40otER5sBVMkQV","1","false"
"5vdGJXfuelVeuD0BnEnCAW","episode","What Happens to China After Xi Jinping Dies? || Peter Zeihan","","2026-02-28T23:23:23Z","2024-07-09","380233","https://open.spotify.com/episode/5vdGJXfuelVeuD0BnEnCAW","1","false"
"2HiHtAleqCE8xl5ygQE6FH","episode","Naval Power in the Pacific: China vs. The United States || Peter Zeihan","","2026-02-28T23:23:43Z","2023-12-13","686466","https://open.spotify.com/episode/2HiHtAleqCE8xl5ygQE6FH","1","false"
"5rpVvwli6cPO0YbKFWkbVi","episode","Major Protests Break Out in Bangladesh || Peter Zeihan","","2026-02-28T23:23:55Z","2024-07-23","247700","https://open.spotify.com/episode/5rpVvwli6cPO0YbKFWkbVi","1","false"
"2lnwiZclcaU0Pp2kmIRnGs","episode","The Impending Collapse of Venezuela || Peter Zeihan","","2026-02-28T23:24:06Z","2024-06-12","374166","https://open.spotify.com/episode/2lnwiZclcaU0Pp2kmIRnGs","2","true"
"0CfXyonZ8fLU7F5QeR9CPh","episode","#297 Rob Henderson - Nature Vs Nurture","","2026-02-28T23:39:17Z","2024-02-16","6212591","https://open.spotify.com/episode/0CfXyonZ8fLU7F5QeR9CPh","1","false"
"0qIRfr0X8JmN3SNCrCJfns","episode","Sophia Salma Khalifa: My Life in Israel as an Arab Muslim","","2026-02-28T23:39:38Z","2024-01-10","612181","https://open.spotify.com/episode/0qIRfr0X8JmN3SNCrCJfns","1","false"
"6y0PaUTfZuw7wlAR2QDpaH","episode","Protests Cause a Mass Exodus of Bangladesh || Peter Zeihan","","2026-02-28T23:41:56Z","2024-08-12","310300","https://open.spotify.com/episode/6y0PaUTfZuw7wlAR2QDpaH","1","false"
"6Z9T9eM4sbqqnrLiiCC6km","episode","What Is the United States' Role in the (New) Global Order? || Ask Peter Zeihan","","2026-03-01T00:08:21Z","2024-08-30","606700","https://open.spotify.com/episode/6Z9T9eM4sbqqnrLiiCC6km","2","true"
"6gdb2XoP5WDYF1FcYrh9d2","episode","Libyan Oil Gets Shut Down Over Government Duel || Peter Zeihan","","2026-03-01T00:08:31Z","2024-08-29","337900","https://open.spotify.com/episode/6gdb2XoP5WDYF1FcYrh9d2","2","true"
"4xUbqaqPwG5AwTOZTyJ7z7","episode","The Houthis Are Still Attacking Ships in the Red Sea || Peter Zeihan","","2026-03-01T00:08:42Z","2024-08-28","326166","https://open.spotify.com/episode/4xUbqaqPwG5AwTOZTyJ7z7","2","true"
"6aI26xHAbDT9KditnLPXu6","episode","China Will Soon Lose the Title of ""World's Manufacturer"" || Peter Zeihan","","2026-03-01T00:09:58Z","2024-09-06","275600","https://open.spotify.com/episode/6aI26xHAbDT9KditnLPXu6","1","false"
"3R9rm1zGzMDC8v1uZtTSWd","episode","Deglobalization's Impact on Global Food Exports || Peter Zeihan","","2026-03-01T00:10:36Z","2024-09-05","366766","https://open.spotify.com/episode/3R9rm1zGzMDC8v1uZtTSWd","1","false"
"3vcVUVUWhd68sHxh6dFePA","episode","The Geopolitics of Wine || Peter Zeihan","","2026-03-01T00:11:41Z","2024-09-09","417960","https://open.spotify.com/episode/3vcVUVUWhd68sHxh6dFePA","1","false"
"3nnZhBZYElY1duxF35qL2l","episode","Should Freedom of Speech Extend to Social Media? (Part I)","","2026-03-01T00:12:09Z","2024-09-10","463666","https://open.spotify.com/episode/3nnZhBZYElY1duxF35qL2l","1","false"
"0MQS48I0CzghQLM6Brho3j","episode","Telegram and the Limits of Freedom of Speech on Social Media (Part II) || Peter Zeihan","","2026-03-01T00:12:20Z","2024-09-11","388900","https://open.spotify.com/episode/0MQS48I0CzghQLM6Brho3j","1","false"
"1HgpZxYwe4otS94gnD3oNt","episode","The Baltics Ditch Russia for European Integration || Peter Zeihan","","2026-03-01T00:12:42Z","2024-08-20","305533","https://open.spotify.com/episode/1HgpZxYwe4otS94gnD3oNt","1","false"
"0tW29ADkRABudno3CkIUPS","episode","The Self-Inflicted Downfall of Mexican Energy || Peter Zeihan","","2026-03-01T00:13:08Z","2024-09-13","285733","https://open.spotify.com/episode/0tW29ADkRABudno3CkIUPS","1","false"
"5FB9BUxlwE8msavRRVwXOh","episode","Will the Far-Right Take Over Germany (Again)? || Peter Zeihan","","2026-03-01T00:13:19Z","2024-09-12","334166","https://open.spotify.com/episode/5FB9BUxlwE8msavRRVwXOh","1","false"
"0ZYSAOA1caSUJzjElh9BUB","episode","What Does the Future Hold for Taiwan and Semiconductors? || Peter Zeihan","","2026-03-01T00:15:26Z","2024-09-16","298000","https://open.spotify.com/episode/0ZYSAOA1caSUJzjElh9BUB","1","false"
"2xRPLdKcaL11Sv8ZKiROM8","episode","The Future of Saudi Arabia || Peter Zeihan","","2026-03-01T00:17:38Z","2024-09-18","510900","https://open.spotify.com/episode/2xRPLdKcaL11Sv8ZKiROM8","1","false"
"7CCizitJNubVEA8xQPWvC0","episode","The Mexican Cartels Are Double-Dipping in the Guacamole || Peter Zeihan","","2026-03-01T00:18:09Z","2024-08-16","215966","https://open.spotify.com/episode/7CCizitJNubVEA8xQPWvC0","1","false"
"5n3siCiekG6P0NC6wiUd7l","episode","Why You Should Ditch Your Pager (Hezbollah Operative Edition) || Peter Zeihan","","2026-03-01T00:20:55Z","2024-09-19","408933","https://open.spotify.com/episode/5n3siCiekG6P0NC6wiUd7l","1","false"
"2d51wb8kN8Z6iqSSkXg0GW","episode","Immigration: Social Costs vs. Economic Benefits || Peter Zeihan","","2026-03-01T00:21:46Z","2024-09-20","393433","https://open.spotify.com/episode/2d51wb8kN8Z6iqSSkXg0GW","1","false"
"1CV49RUCVEe4HqajogkAji","episode","#329 Matt Walsh - The Racism Industrial Complex Exposed","","2026-03-01T00:23:12Z","2024-09-19","3846594","https://open.spotify.com/episode/1CV49RUCVEe4HqajogkAji","1","false"
"36CsT6dCJgbvVjyR4dZPNm","episode","459. How Woke ""Luxury Beliefs"" Develop - Rob Henderson","","2026-03-01T00:25:07Z","2024-09-15","3695333","https://open.spotify.com/episode/36CsT6dCJgbvVjyR4dZPNm","1","false"
"3TNbQpXwu7tWhPjeNxL6lQ","episode","New Ukrainian Weapons Hit Russia Where It Hurts || Peter Zeihan","","2026-03-01T00:25:36Z","2024-09-23","445900","https://open.spotify.com/episode/3TNbQpXwu7tWhPjeNxL6lQ","1","false"
"5H4npKzFIBc7hVcc8dIS3w","track","Size 38 Waist","Chris Distefano","2026-03-01T00:26:30Z","","51359","https://open.spotify.com/track/5H4npKzFIBc7hVcc8dIS3w","1","false"
"6LW5hASfQvtPhaMAuaTKR0","episode","445. Has the Woke Left Won the Culture War? / Debate on Religion - Connor Tomlinson","","2026-03-01T00:28:45Z","2024-08-14","4391444","https://open.spotify.com/episode/6LW5hASfQvtPhaMAuaTKR0","1","false"
"17EVvhDvShdajkuIS6fIXx","episode","465. The Creep of Leftist Authoritarianism - Carl Benjamin","","2026-03-01T00:29:55Z","2024-09-29","5101035","https://open.spotify.com/episode/17EVvhDvShdajkuIS6fIXx","1","false"
"4epgnalSo42e0DsYVWWux6","episode","387. Carl Benjamin: ‘I’m As Far Right As It Gets’ (Sargon of Akkad)","","2026-03-01T00:30:53Z","2024-03-25","4097044","https://open.spotify.com/episode/4epgnalSo42e0DsYVWWux6","1","false"
"2UHSv9DrWM43peApq7qeZr","episode","Russia: Threats, Deterrence, and the War of Numbers || Peter Zeihan","","2026-03-01T00:32:04Z","2024-09-30","440400","https://open.spotify.com/episode/2UHSv9DrWM43peApq7qeZr","1","false"
"2M6Tt63dtw2iy9p3cj4oCG","episode","Will the National Debt Kill the US Economy? || Peter Zeihan","","2026-03-01T00:32:29Z","2024-09-26","408733","https://open.spotify.com/episode/2M6Tt63dtw2iy9p3cj4oCG","1","false"
"1xHmTFZhCMB0T104RGgTHf","episode","The Civil War of the Sinaloa Cartel || Peter Zeihan","","2026-03-01T00:33:32Z","2024-09-24","273333","https://open.spotify.com/episode/1xHmTFZhCMB0T104RGgTHf","1","false"
"1jX9jfUrxyY6E1O9ThGy7E","episode","How France, Germany and Poland Can Strengthen the Weimar Triangle || Peter Zeihan","","2026-03-01T00:36:49Z","2024-07-01","389833","https://open.spotify.com/episode/1jX9jfUrxyY6E1O9ThGy7E","1","false"
"6RfYfKHPgHKUt1YkS3Nnj9","episode","The Rise of the European Far-Right || Peter Zeihan","","2026-03-01T00:37:01Z","2024-06-07","463500","https://open.spotify.com/episode/6RfYfKHPgHKUt1YkS3Nnj9","1","false"
"7CIqtTw5IKm6gXNGHc0RS6","episode","454. My Gender Hell is Irreversible - Charlie Bentley-Astor","","2026-03-01T00:37:52Z","2024-09-04","4106213","https://open.spotify.com/episode/7CIqtTw5IKm6gXNGHc0RS6","1","false"
"5IObMuvHG6bgvuUTSOB24e","episode","438. What Have I Done!? - DeTransitioner Ritchie Herron","","2026-03-01T00:38:34Z","2024-07-24","4157596","https://open.spotify.com/episode/5IObMuvHG6bgvuUTSOB24e","1","false"
"3Pgzyl0ZWlVQi9QPnMozrF","episode","332. Cancel Culture & Comedy: Triggernometry's Francis Foster","","2026-03-01T00:41:59Z","2023-11-13","3436434","https://open.spotify.com/episode/3Pgzyl0ZWlVQi9QPnMozrF","1","false"
"6Rl1VjCkyopKRlGjy9yGhB","episode","377. Each Side of the Brain Stokes Culture Wars & Destroys Beauty - Iain McGilchrist","","2026-03-01T00:43:47Z","2024-02-29","4508943","https://open.spotify.com/episode/6Rl1VjCkyopKRlGjy9yGhB","1","false"
"6XmQ3AacjJiL9JmAbiK71B","episode","Comedian Discriminated Against for Being White - Tyler Fischer","","2026-03-01T00:46:13Z","2022-08-29","4602880","https://open.spotify.com/episode/6XmQ3AacjJiL9JmAbiK71B","1","false"
"4lLt4b01jN3C0QK2ls7fwx","episode","What Woman REALLY Want","","2026-03-01T00:51:22Z","2025-02-07","304506","https://open.spotify.com/episode/4lLt4b01jN3C0QK2ls7fwx","1","false"
"6U7I2aLNBCnR30LpebM8M3","episode","#332 Carl Benjamin - The Fall of England","","2026-03-01T00:51:56Z","2024-10-10","6042575","https://open.spotify.com/episode/6U7I2aLNBCnR30LpebM8M3","1","false"
"6eCUuDLlBzN7r7msZzg0dW","episode","Tim Dillon (Comedian): ""The Boomers Are A Selfish Generation!"". ""Gen Z Has Exposed Society's Scam!"". ""Bosses Are Being Threatened By Mental Illnesses!""","","2026-03-01T00:57:54Z","2024-04-04","6114240","https://open.spotify.com/episode/6eCUuDLlBzN7r7msZzg0dW","1","false"
"3UUMqH3WzdFqzb4pwnZtbA","episode","(EXCLUSIVE) Boris Johnson: ""They Were Looking at Engineering The Virus"" And The Government Tried To Bribe Me!","","2026-03-01T00:59:34Z","2024-10-10","6789120","https://open.spotify.com/episode/3UUMqH3WzdFqzb4pwnZtbA","1","false"
"4lXtp1TsAAmr4IJweRRWfw","episode","MedShare Donation + The Koreans Are Coming to the Ukraine War || Peter Zeihan","","2026-03-01T01:00:05Z","2024-10-12","543933","https://open.spotify.com/episode/4lXtp1TsAAmr4IJweRRWfw","1","false"
"53NUqVmGDiQAvUPc3UuG8W","episode","448. Cancel Culture Destroyed My Life - Comedian Dapper Laughs (Dan O'Reilly)","","2026-03-01T01:01:43Z","2024-08-21","3556388","https://open.spotify.com/episode/53NUqVmGDiQAvUPc3UuG8W","1","false"
"2wB9in0HNiNMQpGEGV6WlZ","episode","Gaslit – Akaash Singh Full Special","","2026-03-01T01:03:01Z","2025-01-10","4708240","https://open.spotify.com/episode/2wB9in0HNiNMQpGEGV6WlZ","1","false"
"5af0nR8fyzcooQdbi0Payz","episode","Lana Del Rey Just Married Her Alligator Tour Guide","","2026-03-01T01:24:47Z","2024-10-04","746880","https://open.spotify.com/episode/5af0nR8fyzcooQdbi0Payz","1","false"
"","DROPPED_NULL","","","2026-02-26T05:00:54Z","","","","","false"
"","DROPPED_NULL","","","2026-02-26T05:01:49Z","","","","","false"
"","DROPPED_NULL","","","2026-02-26T05:02:38Z","","","","","false"
"","DROPPED_NULL","","","2026-02-26T05:17:01Z","","","","","false"
"","DROPPED_NULL","","","2026-02-26T05:17:13Z","","","","","false"
"","DROPPED_NULL","","","2026-02-28T08:03:08Z","","","","","false"
"","DROPPED_NULL","","","2026-02-28T21:29:50Z","","","","","false"
"","DROPPED_NULL","","","2026-03-01T00:15:04Z","","","","","false"
"0wwUnq4U6irb1HKU8TPMw4","episode","Has Immigration Reached A Point of No Return? - Matt Goodwin (Ad-Free Version)","","2026-03-01T19:09:20Z","2024-06-24","3499296","https://open.spotify.com/episode/0wwUnq4U6irb1HKU8TPMw4","1","false"
"1E5mnUZkJxoFpIpQ51dfxb","episode","334. The World's Most Canceled Man - Graham Linehan | Heretics podcast 1","","2026-03-01T19:10:29Z","2023-11-18","3900734","https://open.spotify.com/episode/1E5mnUZkJxoFpIpQ51dfxb","1","false"
"3DA6hHOyvsXWA1653UCLry","episode","Emergency Episode: Former CIA Agent On Trump Assassination Attempt - Mike Baker - #812 ","","2026-03-02T03:28:58Z","2024-07-17","4302720","https://open.spotify.com/episode/3DA6hHOyvsXWA1653UCLry","2","true"
"0fNDoMpWeZB97v7jEodr27","episode","Konstantin Kisin, Comedian, Podcaster and Writer","","2026-03-02T03:29:12Z","2024-07-19","4390488","https://open.spotify.com/episode/0fNDoMpWeZB97v7jEodr27","1","false"
"6DnN1jozFE2qhL9RTvtjvZ","episode","Why I Fear the Future - Konstantin Kisin","","2026-03-02T03:29:29Z","2024-07-26","247066","https://open.spotify.com/episode/6DnN1jozFE2qhL9RTvtjvZ","1","false"
"1bUNcjhBwAol9Vm3le0pxy","episode","Libs of TikTok: Exposing Trans Ideology & Grooming in Schools","","2026-03-02T03:29:42Z","2024-07-21","2684943","https://open.spotify.com/episode/1bUNcjhBwAol9Vm3le0pxy","1","false"
"6VSXHYvcQvur1ziw5vi4eJ","episode","Lad Culture with Neel Kolhatkar","","2026-03-02T03:29:52Z","2024-07-26","4340506","https://open.spotify.com/episode/6VSXHYvcQvur1ziw5vi4eJ","1","false"
"1o4TImIWyntyEzmKkNlRfz","episode","#2181 - Alan Graham","","2026-03-02T03:30:02Z","2024-07-26","6334569","https://open.spotify.com/episode/1o4TImIWyntyEzmKkNlRfz","2","true"
"2QXCBJn9XfmsOE2fJ5O8wv","episode","#78 Rory Sutherland - Why Logical Thinking is Illogical","","2026-03-02T03:30:18Z","2024-07-29","6527634","https://open.spotify.com/episode/2QXCBJn9XfmsOE2fJ5O8wv","1","false"
"6JtWH9U2jnIU0gE07MzJe3","episode","Albo's Woes","","2026-03-02T03:38:39Z","2024-08-04","4659670","https://open.spotify.com/episode/6JtWH9U2jnIU0gE07MzJe3","1","false"
"75uWMnRVgwEnZ9u7Nxtr73","episode","Crashing with Style","","2026-03-02T03:38:51Z","2024-08-10","4624326","https://open.spotify.com/episode/75uWMnRVgwEnZ9u7Nxtr73","1","false"
"3mCEFEa9DDFQ03zOQH0sXZ","episode","#2182 - Michael Malice","","2026-03-02T03:39:10Z","2024-07-30","11035497","https://open.spotify.com/episode/3mCEFEa9DDFQ03zOQH0sXZ","2","true"
"1ftMbYPOzQJvTeZCJPkHP9","episode","Is It Ethical To Hand-Pick Your Child’s Genes? - Dr Jonathan Anomaly - #823 ","","2026-03-02T03:39:24Z","2024-08-10","6449600","https://open.spotify.com/episode/1ftMbYPOzQJvTeZCJPkHP9","1","false"
"4gMHhDHje7X8ZefG1dfnGO","episode","How To Stop Feeling So Frustrated All The Time - Jonny Miller - #826 ","","2026-03-02T03:39:34Z","2024-08-17","5376448","https://open.spotify.com/episode/4gMHhDHje7X8ZefG1dfnGO","1","false"
"3pVNAc36azP2NVP2EHb4Zh","episode","#2191 - Russell Crowe","","2026-03-02T03:39:43Z","2024-08-20","11187646","https://open.spotify.com/episode/3pVNAc36azP2NVP2EHb4Zh","1","false"
"34FgFrh9e51klCXHZDiTPI","episode","Why Is Everyone So Emotionally Fragile? - Whitney Cummings - #827 ","","2026-03-02T03:39:53Z","2024-08-19","8638080","https://open.spotify.com/episode/34FgFrh9e51klCXHZDiTPI","1","false"
"4fI1BnUNFP245RBkO5lnMd","episode","Is Mass Immigration Making Women Less Safe? - Alex Phillips","","2026-03-02T03:40:13Z","2024-08-18","3295190","https://open.spotify.com/episode/4fI1BnUNFP245RBkO5lnMd","1","false"
"305UbTmUtu83CI3RMknVIy","episode","Was JD Vance Right About Childless Cat Ladies? - Konstantin Kisin","","2026-03-02T03:40:24Z","2024-08-16","339435","https://open.spotify.com/episode/305UbTmUtu83CI3RMknVIy","1","false"
"3UamyfNxn8jctmcTjplI9r","episode","Kevin Sorbo: How I Got Blacklisted by Hollywood","","2026-03-02T03:40:39Z","2024-08-21","3285263","https://open.spotify.com/episode/3UamyfNxn8jctmcTjplI9r","1","false"
"37kBZRr3nqjltQXt8KuiDJ","episode","#2197 - Mike Baker","","2026-03-02T03:40:49Z","2024-08-29","9872105","https://open.spotify.com/episode/37kBZRr3nqjltQXt8KuiDJ","2","true"
"6fiYVy9DjquxdUozhsW19I","episode","Are We On The Brink Of A Revolution? - Eric Weinstein - #833 ","","2026-03-02T03:41:00Z","2024-09-02","12544640","https://open.spotify.com/episode/6fiYVy9DjquxdUozhsW19I","1","false"
"7mmjFbgdSF7wWQD7jZ7heu","episode","CFMEU Protests and Chilli Roulette","","2026-03-02T03:41:11Z","2024-08-31","5063575","https://open.spotify.com/episode/7mmjFbgdSF7wWQD7jZ7heu","1","false"
"293KKxbEKt2zrem6XFCxYG","episode","#2195 - Andrew Huberman","","2026-03-02T03:41:20Z","2024-08-27","11250345","https://open.spotify.com/episode/293KKxbEKt2zrem6XFCxYG","2","true"
"1VwxaqhCDqMiwBa3thcz8u","episode","Lord Mervyn King, Baron of Lothbury, Economist and Author","","2026-03-02T03:41:35Z","2024-08-02","4576008","https://open.spotify.com/episode/1VwxaqhCDqMiwBa3thcz8u","1","false"
"2GRJYz6ZMtVlUfqaqhro5o","episode","#2201 - Robert Epstein","","2026-03-02T03:41:50Z","2024-09-11","9417918","https://open.spotify.com/episode/2GRJYz6ZMtVlUfqaqhro5o","1","false"
"3ZuO6OxYIoWYkT3bexVsMO","episode","Making Music in a Woke World - Samuel Andreyev","","2026-03-02T03:42:02Z","2024-09-15","3538912","https://open.spotify.com/episode/3ZuO6OxYIoWYkT3bexVsMO","1","false"
"4EE34Gzhigz8FCCkJzQH5O","episode","240 – Viking Roadshow: Rollo edition","","2026-03-02T03:44:13Z","2017-04-21","1736248","https://open.spotify.com/episode/4EE34Gzhigz8FCCkJzQH5O","1","false"
"0iysEPyannSCo3J7zXUL11","episode","Tim Cross, British Army Officer and Military Logistics Expert","","2026-03-02T03:44:22Z","2024-09-27","4605504","https://open.spotify.com/episode/0iysEPyannSCo3J7zXUL11","1","false"
"2D66KTTd93kvk7QD2OF84b","episode","The Downward Spiral of the Chinese Economy || Peter Zeihan","","2026-03-02T03:44:36Z","2024-10-15","379333","https://open.spotify.com/episode/2D66KTTd93kvk7QD2OF84b","1","false"
"7evWZsY41OhVlErJkSKgQl","episode","President Biden Is Making a Trip to Angola + Patreon Live Q&A || Peter Zeihan","","2026-03-02T03:44:57Z","2024-10-17","227766","https://open.spotify.com/episode/7evWZsY41OhVlErJkSKgQl","1","false"
"40oBLpB7S0q8L2jbRCMnjS","episode","The Brutal Evolution of British Gang Culture","","2026-03-02T03:52:33Z","2024-09-30","1853048","https://open.spotify.com/episode/40oBLpB7S0q8L2jbRCMnjS","1","false"
"2PuyyqCRApf0qKrqwv3yL1","episode","472. We Should Be Proud of Churchill & Empire - Sunil Sharma","","2026-03-02T03:53:42Z","2024-10-16","4167915","https://open.spotify.com/episode/2PuyyqCRApf0qKrqwv3yL1","1","false"
"2S0RkczxVJdyxjlvr53DKs","episode","#2211 - Michael Shellenberger","","2026-03-02T03:54:22Z","2024-10-09","11729150","https://open.spotify.com/episode/2S0RkczxVJdyxjlvr53DKs","2","true"
"2TOfJvFLETh5fzLvkbWrgd","episode","474. The Jewish Woman Who Lived with PALESTINIANS as a MAN - Maia Poet","","2026-03-02T03:55:00Z","2024-10-20","3524571","https://open.spotify.com/episode/2TOfJvFLETh5fzLvkbWrgd","1","false"
"40tncemvzaaAJP1Kdug63k","track","Middleaged Australian","Damien Power","2026-03-02T03:55:33Z","","353014","https://open.spotify.com/track/40tncemvzaaAJP1Kdug63k","1","false"
"7oLeX9UiBdzqJxgthX12EC","episode","How Europe is creating its own military-industrial complex","","2026-03-02T03:58:58Z","2024-07-30","987823","https://open.spotify.com/episode/7oLeX9UiBdzqJxgthX12EC","1","false"
"21TP9mnUYuc3NO4hCw38Oq","episode","How North Korea is Rapidly Preparing for Its Own War Soon","","2026-03-02T04:00:15Z","2024-12-16","2446710","https://open.spotify.com/episode/21TP9mnUYuc3NO4hCw38Oq","1","false"
"0e9ynAH6hmZIIeOx0SaGQu","episode","#2219 - Donald Trump","","2026-03-02T04:01:51Z","2024-10-26","10729514","https://open.spotify.com/episode/0e9ynAH6hmZIIeOx0SaGQu","2","true"
"3wUQy68EVwNjTb0yBOhYm9","episode","#2223 - Elon Musk","","2026-03-02T04:02:17Z","2024-11-04","9520383","https://open.spotify.com/episode/3wUQy68EVwNjTb0yBOhYm9","1","false"
"23Rp2jSsypBlLqOEVo1D4M","episode","DEI Wars, Trump's Bible & The Masculinity Vote - Ryan Long - #857 ","","2026-03-02T04:03:18Z","2024-10-28","8966698","https://open.spotify.com/episode/23Rp2jSsypBlLqOEVo1D4M","1","false"
"13nWc98C0FeBnxTIQhpoQM","episode","America After the Election: Foreign Policy || Peter Zeihan","","2026-03-02T04:03:30Z","2024-11-05","525000","https://open.spotify.com/episode/13nWc98C0FeBnxTIQhpoQM","1","false"
"7zaSrIx8mV2qA7rdmPAD9g","episode","We've Just Found a New Type of Star and It's Terrifying","","2026-03-02T04:05:22Z","2024-10-22","878080","https://open.spotify.com/episode/7zaSrIx8mV2qA7rdmPAD9g","1","false"
"20SgVAFd8TFvrw4N2AuryU","episode","Why Does The 2024 Election Feel So Fake? - Krystal Ball - #856 ","","2026-03-02T04:06:02Z","2024-10-26","4566400","https://open.spotify.com/episode/20SgVAFd8TFvrw4N2AuryU","1","false"
"47ijbtlF7VKhBiEIS8Q7gF","episode","Why Aren’t Men’s Issues Being Taken Seriously? - George TheTinMen - #858 ","","2026-03-02T04:07:53Z","2024-10-31","4732288","https://open.spotify.com/episode/47ijbtlF7VKhBiEIS8Q7gF","1","false"
"5qXGupuBUjPlQR6sq2bbKr","episode","The Dark Psychology Of Female Serial Killers - Dr Marissa Harrison - #861 ","","2026-03-02T04:08:21Z","2024-11-07","3803520","https://open.spotify.com/episode/5qXGupuBUjPlQR6sq2bbKr","1","false"
"2eUYQWCRwN6LOHwP3nKLF1","episode","The Labyrinth: A Journey Through Inner Chaos","","2026-03-02T04:08:45Z","2024-09-06","2459086","https://open.spotify.com/episode/2eUYQWCRwN6LOHwP3nKLF1","1","false"
"14Vemja8O9jgTOTEYF87vc","episode","Counting (Lithium) Chickens Before They Hatch || Peter Zeihan","","2026-03-02T04:09:00Z","2024-11-12","350433","https://open.spotify.com/episode/14Vemja8O9jgTOTEYF87vc","1","false"
"4aijqcFwUkKWxlX090C41h","episode","#2226 - Theo Von","","2026-03-02T04:10:54Z","2024-11-08","12025022","https://open.spotify.com/episode/4aijqcFwUkKWxlX090C41h","1","false"
"2VzVgDcHpBBWCHKvMJuyeN","episode","The Hidden Art Of Reinventing Yourself - Matthew McConaughey - #863 ","","2026-03-02T04:11:14Z","2024-11-11","6525973","https://open.spotify.com/episode/2VzVgDcHpBBWCHKvMJuyeN","1","false"
"3SBsA5654vVG19e6gEZxHC","episode","Why Does Everyone Feel So Politically Homeless? - Ana Kasparian - #859 ","","2026-03-02T04:11:25Z","2024-11-02","3716458","https://open.spotify.com/episode/3SBsA5654vVG19e6gEZxHC","1","false"
"6ooLpy3bB2SeLwzwudzzvA","episode","335. Toxic Femininity & Male Darkness - Nina Power","","2026-03-02T04:12:55Z","2023-11-20","3306161","https://open.spotify.com/episode/6ooLpy3bB2SeLwzwudzzvA","1","false"
"4IroEmQPAQdGdbJKYJqQ3C","episode","Why We Lost - Brianna Wu","","2026-03-02T04:13:06Z","2024-11-13","3844728","https://open.spotify.com/episode/4IroEmQPAQdGdbJKYJqQ3C","1","false"
"0PKpcekGTY6oEq6uQ0Yitw","episode","Rob Schneider: I'm So Happy He Won","","2026-03-02T04:13:17Z","2024-11-10","4063007","https://open.spotify.com/episode/0PKpcekGTY6oEq6uQ0Yitw","1","false"
"7cj5h0p6sG7yxMz7b53FLc","episode","#432 – Kevin Spacey: Power, Controversy, Betrayal, Truth & Love in Film and Life","","2026-03-02T04:14:16Z","2024-06-05","8339242","https://open.spotify.com/episode/7cj5h0p6sG7yxMz7b53FLc","2","true"
"1eeIEmPWQGqUKqjd6FnR32","episode","417 - Trump's Cabinet","","2026-03-02T04:17:50Z","2024-11-16","3957603","https://open.spotify.com/episode/1eeIEmPWQGqUKqjd6FnR32","1","false"
"2H1HH5BrAKhyjv25FGQpOi","episode","Exposing The Food Industry’s Dangerous Lies - Vani Hari - #867 ","","2026-03-02T04:20:38Z","2024-11-21","3424298","https://open.spotify.com/episode/2H1HH5BrAKhyjv25FGQpOi","1","false"
"3MI8PiN7YDErlGR8Ev1x4H","episode","The Hidden Truth About Our Collapsing Birth Rates - Mads Larsen - #868 ","","2026-03-02T04:20:49Z","2024-11-23","4796800","https://open.spotify.com/episode/3MI8PiN7YDErlGR8Ev1x4H","1","false"
"2jfQcadIWHSsVad17PmotU","episode","We Went To America... What The Media Didn’t Tell You","","2026-03-02T04:21:05Z","2025-01-07","2971010","https://open.spotify.com/episode/2jfQcadIWHSsVad17PmotU","1","false"
"16hBvdl0BPZ4F8Effqr1mG","episode","What Modern Socialists Don’t Want You To Know About Hitler","","2026-03-02T04:22:29Z","2024-11-21","4647449","https://open.spotify.com/episode/16hBvdl0BPZ4F8Effqr1mG","1","false"
"27P54ES785fdxsrT6txqlq","episode","Michael Shellenberger: How Our Leaders Lost All Credibility","","2026-03-02T04:22:42Z","2024-08-29","7072193","https://open.spotify.com/episode/27P54ES785fdxsrT6txqlq","1","false"
"6KUdSwlmwIR7x9WUG6y6Aq","episode","Catastrophizing-How to Stop Making Yourself Depressed and Anxious (Thinking Error) Skill #6","","2026-03-02T04:46:03Z","2020-06-30","917526","https://open.spotify.com/episode/6KUdSwlmwIR7x9WUG6y6Aq","1","false"
"1OYm002yTgHjzFYD9ie1FI","episode","How To Silence Negative Thoughts - Anthony Metivier","","2026-03-02T04:47:39Z","2024-01-19","820009","https://open.spotify.com/episode/1OYm002yTgHjzFYD9ie1FI","1","false"
"50me4iDrgpgTfIstMpC0OW","episode","“The Biggest Scandal You’ve Never Heard Of” - Charlotte Gill","","2026-03-02T04:50:34Z","2024-10-16","3036630","https://open.spotify.com/episode/50me4iDrgpgTfIstMpC0OW","1","false"
"57NTTsiKpJDsq8NRm0GrQk","episode","Israel Attacks Iran, Again - Part 1 & 2 || Peter Zeihan","","2026-03-02T04:52:36Z","2024-11-04","627371","https://open.spotify.com/episode/57NTTsiKpJDsq8NRm0GrQk","1","false"
"7e9BNTew28P0qz5LQQ13qy","episode","489. What Mass Immigration Has Done to IRELAND - Michael Murphy","","2026-03-02T04:54:20Z","2024-12-02","3582563","https://open.spotify.com/episode/7e9BNTew28P0qz5LQQ13qy","1","false"
"7AljuyaJvqsOAxfgESIpg4","episode","Why Does Mainstream Media Suck So Much? - Dave Smith - #871 ","","2026-03-02T04:54:55Z","2024-11-30","3735360","https://open.spotify.com/episode/7AljuyaJvqsOAxfgESIpg4","1","false"
"0rgHueU5UvrpxTD6salyKa","episode","477. Are They Really Transitioning Children? - Billboard Chris","","2026-03-02T04:55:22Z","2024-10-28","3567647","https://open.spotify.com/episode/0rgHueU5UvrpxTD6salyKa","1","false"
"5nlIdyMBFep7o312LD7aeO","episode","#453 – Javier Milei: President of Argentina - Freedom, Economics, and Corruption","","2026-03-02T05:01:43Z","2024-11-19","7009642","https://open.spotify.com/episode/5nlIdyMBFep7o312LD7aeO","1","false"
"0U4Y0an6iKM1VB8pE1M4vQ","episode","#2234 - Marc Andreessen","","2026-03-02T05:02:26Z","2024-11-26","11246740","https://open.spotify.com/episode/0U4Y0an6iKM1VB8pE1M4vQ","2","true"
"7e9Se9sU6tC8RXa12AuEUM","episode","Trump Tariffs Part 1 - China || Peter Zeihan","","2026-03-02T05:03:06Z","2024-12-04","359500","https://open.spotify.com/episode/7e9Se9sU6tC8RXa12AuEUM","1","false"
"4DMeDAu8cJj13IXegZzMIp","episode","No Shale for Europe || Peter Zeihan","","2026-03-02T05:03:17Z","2024-12-03","643733","https://open.spotify.com/episode/4DMeDAu8cJj13IXegZzMIp","1","false"
"4PLN0hTERvMQPrfaeAk9EW","episode","Trump Tariffs Part 2 - Canada and Mexico || Peter Zeihan","","2026-03-02T05:03:26Z","2024-12-05","290833","https://open.spotify.com/episode/4PLN0hTERvMQPrfaeAk9EW","1","false"
"5pAKGQBjXG5pZnz3FzdKPg","episode","Why I'm Worried About Fentanyl in the US || Peter Zeihan","","2026-03-02T05:03:35Z","2024-12-06","517099","https://open.spotify.com/episode/5pAKGQBjXG5pZnz3FzdKPg","1","false"
"2YA5AiVFaGZkbLlPpgoYpc","episode","The Ideal Male Body Throughout History","","2026-03-02T05:05:38Z","2025-09-12","861866","https://open.spotify.com/episode/2YA5AiVFaGZkbLlPpgoYpc","1","false"
"0qu478YNCCr6BoUuJL5Y1P","episode","#454 – Saagar Enjeti: Trump, MAGA, DOGE, Obama, FDR, JFK, History & Politics","","2026-03-02T05:16:59Z","2024-12-08","12648106","https://open.spotify.com/episode/0qu478YNCCr6BoUuJL5Y1P","1","false"
"6I813yfOrm67ra899QGSZV","episode","How Snow White Just Became The Most Hated Movie Ever (New Trailer) | Moon","","2026-03-02T05:19:20Z","2026-08-21","726909","https://open.spotify.com/episode/6I813yfOrm67ra899QGSZV","1","false"
"73H4IkDDYkQKNe7FwtFbpg","episode","506. Europe Imploding | Andrew Doyle & Graham Linehan","","2026-03-02T05:22:26Z","2024-12-12","6688966","https://open.spotify.com/episode/73H4IkDDYkQKNe7FwtFbpg","1","false"
"1rgyiugcTJ9qHDg0nMrCrt","episode","#448 – Jordan Peterson: Nietzsche, Hitler, God, Psychopathy, Suffering & Meaning","","2026-03-02T05:23:14Z","2024-10-11","8575850","https://open.spotify.com/episode/1rgyiugcTJ9qHDg0nMrCrt","1","false"
"1ctXJg5vK2TgsvXN74Msuq","episode","#445 – Vivek Ramaswamy: Trump, Conservatism, Nationalism, Immigration, and War","","2026-03-02T05:25:08Z","2024-09-25","9545408","https://open.spotify.com/episode/1ctXJg5vK2TgsvXN74Msuq","1","false"
"6femiA7b8vTqDxOVxtQ4pf","episode","462. Why the Establishment Hates This Man | Tommy Robinson","","2026-03-02T05:26:25Z","2024-07-08","6167092","https://open.spotify.com/episode/6femiA7b8vTqDxOVxtQ4pf","1","false"
"7tMmoRvldWZ0cBlTXEhnzI","episode","The Evolutionary Psychology Of Anxiety & Depression - Ed Hagen - #632","","2026-03-02T05:32:51Z","2023-05-25","3793130","https://open.spotify.com/episode/7tMmoRvldWZ0cBlTXEhnzI","1","false"
"6juDeGpYADIDf4PCh0DBHO","episode","The Story Behind Machiavelli's Philosophy - Dr Alexander Lee - #321","","2026-03-02T05:33:54Z","2021-05-15","3649002","https://open.spotify.com/episode/6juDeGpYADIDf4PCh0DBHO","1","false"
"4ccZOtNypX0GtAx9jORqLr","episode","Peter Thiel On The Diversity Myth - 30 Years Later | Pirate Wires Podcast #24 🏴‍☠️","","2026-03-02T05:36:14Z","2023-11-24","4156255","https://open.spotify.com/episode/4ccZOtNypX0GtAx9jORqLr","1","false"
"2Mpy0CVTGmMokZOAQGzxyc","episode","Positive Evolutionary Psychology - Glenn Geher - #439","","2026-03-02T05:36:43Z","2022-02-24","4299520","https://open.spotify.com/episode/2Mpy0CVTGmMokZOAQGzxyc","1","false"
"1biCM1GfdA4bIMy5Aa8wJo","episode","King of One-Liners | Andy Huggins | Stand Up Comedy","","2026-03-02T06:10:45Z","2025-03-12","636906","https://open.spotify.com/episode/1biCM1GfdA4bIMy5Aa8wJo","1","false"
"1yiU8S9NJ12Vkf2V6ofvSL","episode","Why Open Relationships Don't Work | Chloe Radcliffe | Stand Up Comedy","","2026-03-02T06:12:13Z","2025-08-04","587477","https://open.spotify.com/episode/1yiU8S9NJ12Vkf2V6ofvSL","1","false"
"6a15Vbiz90Id04nMlSrUMU","episode","Psychiatric Love Letters by Fern Brady Power and Chaos","","2026-03-02T06:13:12Z","2025-01-10","901770","https://open.spotify.com/episode/6a15Vbiz90Id04nMlSrUMU","2","true"
"7Hf5UuaLI897S8cETb9NyL","track","Alligator Boys","Shayne Smith / Dry Bar Comedy","2026-03-02T06:14:19Z","","624528","https://open.spotify.com/track/7Hf5UuaLI897S8cETb9NyL","1","false"
"7svUCHNJEca1zfk41EJwuv","episode","Comedian Shayne Smith on Escaping Satanism & Biker Gangs to Giving Life to JESUS @shaynesmithcomedy","","2026-03-02T06:15:28Z","2024-10-11","6920544","https://open.spotify.com/episode/7svUCHNJEca1zfk41EJwuv","1","false"
"3dL3oTQ66uEIwJWpNhMePx","episode","Scott Galloway on Healthy Masculinity, How to Achieve Financial Security, & Why Vulnerability Is Power","","2026-03-02T06:17:28Z","2024-04-15","7026051","https://open.spotify.com/episode/3dL3oTQ66uEIwJWpNhMePx","1","false"
"03GUfHb32b2G09xbaAQTiS","episode","Japan's Lost Decade - An Economic Disaster [Documentary]","","2026-03-02T06:18:34Z","2024-10-02","1640320","https://open.spotify.com/episode/03GUfHb32b2G09xbaAQTiS","1","false"
"6HS6lRIt8c3S5Zk0UTccsX","episode","504. Fired for Honesty and Competence: One Genuine Teacher's Story | Warren Smith","","2026-03-02T06:19:02Z","2024-12-05","5077420","https://open.spotify.com/episode/6HS6lRIt8c3S5Zk0UTccsX","1","false"
"5RIznTkGAw2CEgAPjpSwFW","episode","Peter Zeihan: Mexico’s President, Cartel Power Shifts, & the US Border Crisis","","2026-03-02T06:20:08Z","2024-10-14","2828329","https://open.spotify.com/episode/5RIznTkGAw2CEgAPjpSwFW","1","false"
"1dkEoJob4sc6YJUbv4OCfR","track","I Married a Millennial","Modi","2026-03-02T06:21:59Z","","455246","https://open.spotify.com/track/1dkEoJob4sc6YJUbv4OCfR","1","false"
"34kHfOfM0UWOUyebd7H0lQ","track","Childbirth","Lawrence Mooney","2026-03-02T06:23:01Z","","503520","https://open.spotify.com/track/34kHfOfM0UWOUyebd7H0lQ","1","false"
"0APOI1SFG4fXA0DuRm1KeO","episode","Katherine Blanford: Catholic Cowgirl","","2026-03-02T06:24:37Z","2025-01-23","3140437","https://open.spotify.com/episode/0APOI1SFG4fXA0DuRm1KeO","1","false"
"5Ceh3mC0RMUgesCvYqE0sI","episode","493. Men Are Wearing Their Mother’s Skin - Dr Az Hakeem","","2026-03-02T06:26:57Z","2024-12-16","3374106","https://open.spotify.com/episode/5Ceh3mC0RMUgesCvYqE0sI","1","false"
"11L9blevtdooK7cufemM1C","track","Coffee","Aaron Chen","2026-03-02T06:33:58Z","","318575","https://open.spotify.com/track/11L9blevtdooK7cufemM1C","1","false"
"0SV1BESXppShrLsAmKVcBY","episode","Amala Ekpunobi: Why I Quit My Job as a Leftist Organizer","","2026-03-02T06:35:26Z","2021-03-12","480768","https://open.spotify.com/episode/0SV1BESXppShrLsAmKVcBY","1","false"
"5Pw6pE3Gopss2HsYMvH3LL","track","Drunk Girls","Chris D'Elia","2026-03-02T06:41:05Z","","487652","https://open.spotify.com/track/5Pw6pE3Gopss2HsYMvH3LL","1","false"
"1BEvhdXtJn3feLMmz5HO24","track","Know Your Audience","Modi","2026-03-02T06:41:33Z","","238814","https://open.spotify.com/track/1BEvhdXtJn3feLMmz5HO24","1","false"
"4xrIHCGv7EX5Fwmw47JlMk","episode","#2247 - Duncan Trussell","","2026-03-02T06:41:48Z","2024-12-25","9301993","https://open.spotify.com/episode/4xrIHCGv7EX5Fwmw47JlMk","2","true"
"5tgJOMfjldZBgN2ikoBQSl","episode","You Are Being Brainwashed - Duncan Trussell","","2026-03-02T06:42:48Z","2025-01-01","3959823","https://open.spotify.com/episode/5tgJOMfjldZBgN2ikoBQSl","1","false"
"3UcTMdz9ISfb0wkuMxCUX8","episode","Fashion Expert: What Clothes Tell Us About Culture, Politics and War","","2026-03-02T06:43:01Z","2024-12-25","3319275","https://open.spotify.com/episode/3UcTMdz9ISfb0wkuMxCUX8","1","false"
"74U4kiHBr7bDYSbQuqfUBK","episode","Comedy, Censorship & Victimhood - Neel Kolhatkar","","2026-03-02T06:44:02Z","2025-01-05","3999555","https://open.spotify.com/episode/74U4kiHBr7bDYSbQuqfUBK","1","false"
"7bYLDLiUN3OeHpJKnABByv","episode","#2251 - Rick Perry & W. Bryan Hubbard","","2026-03-02T06:44:15Z","2025-01-02","7628948","https://open.spotify.com/episode/7bYLDLiUN3OeHpJKnABByv","2","true"
"7bdnzBtcAYU4EYcl3FPweI","episode","A Plan To Save The Western World - Konstantin Kisin - #886 ","","2026-03-02T06:46:35Z","2025-01-06","7476330","https://open.spotify.com/episode/7bdnzBtcAYU4EYcl3FPweI","1","false"
"69wc6aAbztQmvG9dpOAAWn","episode","The Optimal Morning Routine - Andrew Huberman | After Skool","","2026-03-02T06:52:47Z","2026-08-17","989100","https://open.spotify.com/episode/69wc6aAbztQmvG9dpOAAWn","1","false"
"3Z07r13Tkm0GjE1bP5qW85","episode","#2253 - Theo Von","","2026-03-02T07:00:26Z","2025-01-08","7148244","https://open.spotify.com/episode/3Z07r13Tkm0GjE1bP5qW85","2","true"
"2q1R8QgGl7c3EtWT3f1GSH","episode","E554 Joe Rogan","","2026-03-02T07:00:42Z","2025-01-11","7112405","https://open.spotify.com/episode/2q1R8QgGl7c3EtWT3f1GSH","1","false"
"4EmosbfuEoPdWcVwtqN1It","episode","The True Story Of History’s Greatest Philosopher - Donald Robertson - #864 ","","2026-03-02T07:02:08Z","2024-11-14","7217088","https://open.spotify.com/episode/4EmosbfuEoPdWcVwtqN1It","1","false"
"7y4BLUsuX6nZCspChuA64y","episode","Getting Older by Leanne Morgan Are We Gonna Eat Anything","","2026-03-02T07:02:31Z","2025-01-10","851649","https://open.spotify.com/episode/7y4BLUsuX6nZCspChuA64y","1","false"
"2uKcAFnYncp8eazYjFbusG","episode","How To Think Like Leonardo da Vinci - Michael Gelb - #876","","2026-03-02T07:04:23Z","2024-12-12","4512042","https://open.spotify.com/episode/2uKcAFnYncp8eazYjFbusG","1","false"
"0eHwimG8iRWZuxV8IIrpKx","episode","The Psychology Of Finding Meaning In Life - John Vervaeke - #891 ","","2026-03-02T08:46:08Z","2025-01-18","5009280","https://open.spotify.com/episode/0eHwimG8iRWZuxV8IIrpKx","1","false"
"6YSO0KVKBb2nq6YnYmbb21","episode","The Rise Of NELK, Donald Trump & Global Chaos - Kyle Forgeard - #892 ","","2026-03-02T08:46:29Z","2025-01-20","5915242","https://open.spotify.com/episode/6YSO0KVKBb2nq6YnYmbb21","1","false"
"7yCBL6ntqIDjulvr17JE4o","episode","#2260 - Lex Fridman","","2026-03-02T08:46:56Z","2025-01-22","12079529","https://open.spotify.com/episode/7yCBL6ntqIDjulvr17JE4o","2","true"
"6OQTstgBdM06X2tkeR80m5","episode","Let’s Talk About Right-Wing Cancel Culture | Episode 1","","2026-03-02T09:07:03Z","2025-01-30","1704298","https://open.spotify.com/episode/6OQTstgBdM06X2tkeR80m5","1","false"
"2BYHpCg5zlrqYTcfuROeab","episode","Porn, Only Fans and Bodycount - Candice Horbacz","","2026-03-02T09:09:58Z","2025-01-29","3851733","https://open.spotify.com/episode/2BYHpCg5zlrqYTcfuROeab","1","false"
"5v0uehPJHko6lS8kAWsa9L","episode","How Blake Lively Ended Her Own Career | Episode 2","","2026-03-02T09:15:35Z","2025-02-03","2664917","https://open.spotify.com/episode/5v0uehPJHko6lS8kAWsa9L","1","false"
"5B6dB5SBY6GFjHnSKGHcgA","episode","Getting Humbled by DMs | Tacarra Williams | Stand Up Comedy","","2026-03-02T09:16:14Z","2025-06-04","691583","https://open.spotify.com/episode/5B6dB5SBY6GFjHnSKGHcgA","1","false"
"5MecZkgem7qWqOiJedYa1d","episode","Teaching Gen Z is WILD | Liz Blanc | Stand Up Comedy","","2026-03-02T09:19:05Z","2025-04-28","607274","https://open.spotify.com/episode/5MecZkgem7qWqOiJedYa1d","1","false"
"4WNoysFfCLWIxyqRlqKIOI","episode","Poor Fat vs. Rich Fat | Maddie Wiener | Stand Up Comedy","","2026-03-02T09:19:17Z","2025-05-30","562026","https://open.spotify.com/episode/4WNoysFfCLWIxyqRlqKIOI","1","false"
"6pm3e81tcnZ1aihruWvN2z","episode","Do We Care About Celebrities Anymore? | Episode 3","","2026-03-02T09:19:40Z","2025-02-06","2007146","https://open.spotify.com/episode/6pm3e81tcnZ1aihruWvN2z","1","false"
"2cuHkAZV0ExIjrz1QegayH","episode","There Goes the Canadian Government || Peter Zeihan","","2026-03-02T09:19:55Z","2024-12-26","588521","https://open.spotify.com/episode/2cuHkAZV0ExIjrz1QegayH","1","false"
"1omEpniABv0lSNX5otMfid","episode","Brett Cooper on Her New Show, Marriage, Kids & Farming | EP 222","","2026-03-02T09:20:28Z","2025-01-31","3463146","https://open.spotify.com/episode/1omEpniABv0lSNX5otMfid","1","false"
"4WoZ64kvGETHMka0kagZlq","episode","She’s Right: Black American Culture is Dying. Ghetto Blacks Are to Blame.","","2026-03-02T09:21:27Z","2024-05-11","1105685","https://open.spotify.com/episode/4WoZ64kvGETHMka0kagZlq","1","false"
"0ptz5YAYnJG0qRTldzOiRH","episode","The UNCENSORED Truth About Grooming Gangs - Charlie Peters","","2026-03-02T09:23:54Z","2025-02-05","5248085","https://open.spotify.com/episode/0ptz5YAYnJG0qRTldzOiRH","1","false"
"228sh8JkOutqToUEnuPK6O","episode","#2269 - Bret Weinstein","","2026-03-02T09:24:06Z","2025-02-06","9456788","https://open.spotify.com/episode/228sh8JkOutqToUEnuPK6O","2","true"
"2ftOkzN7eqXnAsyAUO5yhE","episode","Why Marvel Fans Are Outraged at the New Captain America | Episode 5","","2026-03-02T09:27:41Z","2025-02-13","1542591","https://open.spotify.com/episode/2ftOkzN7eqXnAsyAUO5yhE","1","false"
"3YKHerF4yjqLV0YeOWd8zu","episode","It’s Time to Abolish the Department of Education — Here’s Why | Episode 4","","2026-03-02T09:28:01Z","2025-02-10","1568831","https://open.spotify.com/episode/3YKHerF4yjqLV0YeOWd8zu","1","false"
"2OalXkFnq78wqX9J8wYiHy","episode","Matthew Syed on Cousin Marriage, Immigration and Diversity","","2026-03-02T09:28:26Z","2025-02-12","5592298","https://open.spotify.com/episode/2OalXkFnq78wqX9J8wYiHy","1","false"
"68XSM8625cvavTTcrMo8Cl","episode","How We End The Gen Z Mental Health Crisis | Episode 7","","2026-03-02T09:52:30Z","2025-02-20","1908842","https://open.spotify.com/episode/68XSM8625cvavTTcrMo8Cl","1","false"
"1TtROpO9PK0OCv9vKpYwmM","episode","Three Dads, Two Moms | Shapel Lacey | Half Hour Stand Up Comedy Special","","2026-03-02T09:52:49Z","2025-07-04","1830591","https://open.spotify.com/episode/1TtROpO9PK0OCv9vKpYwmM","1","false"
"4sJYN8thwMK37q4OjIEmYS","episode","My Husband Can't Give Compliments | Rachel Feinstein | Stand Up Comedy","","2026-03-02T20:07:05Z","2025-07-23","674665","https://open.spotify.com/episode/4sJYN8thwMK37q4OjIEmYS","2","true"
"5L8jBTTDEqZELl8o0e6r0O","episode","#166: Prime Minister Anthony Albanese on upcoming election, the housing crisis & Australia’s future","","2026-03-02T20:07:39Z","2025-01-29","4239229","https://open.spotify.com/episode/5L8jBTTDEqZELl8o0e6r0O","1","false"
"1PSDQ5vBbIhuxTzHHqvFpd","episode","Why Do Black Athletes Choose White Women? Viral Debate REACTION","","2026-03-02T20:10:30Z","2024-05-04","751792","https://open.spotify.com/episode/1PSDQ5vBbIhuxTzHHqvFpd","1","false"
"5JYJLQnRkiPJbni9jOUNXu","episode","Why Hollywood Turned on the Trans Mexican Cartel Movie | Episode 9","","2026-03-02T20:10:50Z","2025-02-27","2201920","https://open.spotify.com/episode/5JYJLQnRkiPJbni9jOUNXu","1","false"
"36avCSw5rUenGfd0Aausey","episode","The West Gave In To Putin - Tony Abbott","","2026-03-02T20:11:02Z","2025-02-19","4158208","https://open.spotify.com/episode/36avCSw5rUenGfd0Aausey","1","false"
"1Hku5PL2A5kqEn8LEYO7t4","episode","The Secret Weapons Of Marketing Psychology - Rory Sutherland - #904 ","","2026-03-02T20:17:06Z","2025-02-17","7733013","https://open.spotify.com/episode/1Hku5PL2A5kqEn8LEYO7t4","1","false"
"2jsKSybHH86Rs0277wBkO4","episode","I'm Not Who You Think I Am | Rocky Dale Davis | Stand Up Comedy","","2026-03-02T20:17:35Z","2025-09-03","522986","https://open.spotify.com/episode/2jsKSybHH86Rs0277wBkO4","1","false"
"4GgUOrnL31cp6Q26IOungU","episode","Why Selling Your a$$ Online Is Not A Good Idea | Episode 16","","2026-03-02T20:17:48Z","2025-03-24","1435946","https://open.spotify.com/episode/4GgUOrnL31cp6Q26IOungU","1","false"
"4OKO5j5RFCx5efek9XXlj3","episode","#2281 - Elon Musk","","2026-03-02T20:17:58Z","2025-02-28","11467220","https://open.spotify.com/episode/4OKO5j5RFCx5efek9XXlj3","1","false"
"6fZLBYWYmcUsOzT8vOr1Qo","episode","Can b00bs Save The Planet? | Episode 15","","2026-03-02T20:19:26Z","2025-03-20","1669141","https://open.spotify.com/episode/6fZLBYWYmcUsOzT8vOr1Qo","1","false"
"7dPQVHpVrTKMMm7jk1aScr","episode","I'm Tired of Being Gay | Paris Sashay | Stand Up Comedy","","2026-03-02T20:20:46Z","2025-07-30","595753","https://open.spotify.com/episode/7dPQVHpVrTKMMm7jk1aScr","1","false"
"55Nbv43P7YNcglhgSSdNno","episode","Snow White. What Happened? | Episode 18","","2026-03-02T20:21:00Z","2025-03-31","2184490","https://open.spotify.com/episode/55Nbv43P7YNcglhgSSdNno","1","false"
"6t87IV3uTgU2Rm5hcwMaIs","episode","Do Men Prefer Great Sex or Beauty?-Sadia and Orion","","2026-03-02T21:29:04Z","2025-07-19","5898837","https://open.spotify.com/episode/6t87IV3uTgU2Rm5hcwMaIs","1","false"
"6gXHHlWj1P0GfYiOStm8xc","episode","Nuance is the new N-word - Mark Normand","","2026-03-02T21:29:29Z","2025-05-07","3271018","https://open.spotify.com/episode/6gXHHlWj1P0GfYiOStm8xc","1","false"
"10RSGdAltARreQ1lFhmREp","episode","Mania: How Societies Go Crazy - Lionel Shriver","","2026-03-02T21:30:30Z","2025-05-11","4252800","https://open.spotify.com/episode/10RSGdAltARreQ1lFhmREp","2","true"
"2g5eGfTJMdFcXowGNqrymw","episode","InCel Expert Breaks Down Netflix's Adolescence","","2026-03-02T21:31:03Z","2025-04-03","4014143","https://open.spotify.com/episode/2g5eGfTJMdFcXowGNqrymw","1","false"
"2VYLDMRJy0dIjdokPYtOpy","episode","Imagine There's a Border - It's Easy If You Try - Konstantin Kisin","","2026-03-02T21:31:58Z","2025-05-16","496896","https://open.spotify.com/episode/2VYLDMRJy0dIjdokPYtOpy","1","false"
"5j2Gv9ceCBbjgtZr1xW9Ur","episode","514. 'Trans' Person Roxy Tickle Is Still DESTROYING My Life  - Sall Grover & Katherine Deves","","2026-03-02T21:42:53Z","2025-02-27","3076478","https://open.spotify.com/episode/5j2Gv9ceCBbjgtZr1xW9Ur","1","false"
"0v17as8GW79TeebLVqzi0d","episode","The 4 Big Lies We Tell to Parents","","2026-03-02T21:49:43Z","2025-06-01","4168682","https://open.spotify.com/episode/0v17as8GW79TeebLVqzi0d","1","false"
"0VDV6g5uAyfuS4DBX48jkM","episode","#2334 - Kash Patel","","2026-03-02T21:51:28Z","2025-06-06","7095188","https://open.spotify.com/episode/0VDV6g5uAyfuS4DBX48jkM","1","false"
"4jegvO50KOED1dF9VKmZte","episode","The Psychology of God's Dark Side","","2026-03-02T22:14:17Z","2025-05-02","3309099","https://open.spotify.com/episode/4jegvO50KOED1dF9VKmZte","1","false"
"2kdMdHaIj5PvqFpSEjIM68","episode","Investigating The True History Of MKUltra & CIA Mind Control - John Lisle - #963 ","","2026-03-02T22:26:26Z","2025-07-05","4756138","https://open.spotify.com/episode/2kdMdHaIj5PvqFpSEjIM68","1","false"
"6NMWVhidLTcgWQHlXtPqi1","episode","you're hot & single, but nobody cares","","2026-03-02T22:27:53Z","2025-04-28","2936723","https://open.spotify.com/episode/6NMWVhidLTcgWQHlXtPqi1","1","false"
"4GqVE4VpVTSp8fHK4IZ5or","episode","If “what about me” syndrome was a business","","2026-03-02T22:28:25Z","2025-08-29","1324393","https://open.spotify.com/episode/4GqVE4VpVTSp8fHK4IZ5or","1","false"
"7tn7gTlehfpQ3o6MqFEaKz","episode","Attachment Styles Deep Dive (Valentines Members Gift)","","2026-03-02T22:28:37Z","2026-02-23","8026538","https://open.spotify.com/episode/7tn7gTlehfpQ3o6MqFEaKz","1","false"
"1MPcAKDxj09QzQxyBjZRRN","episode","Why Myanmar Is Collapsing and the World Is Ignoring It","","2026-03-02T23:07:36Z","2025-08-11","2448474","https://open.spotify.com/episode/1MPcAKDxj09QzQxyBjZRRN","1","false"
"6oShCEqEV1jQ25GD4w4Sb3","episode","I Spent Years on Skid Row, Homeless & Addicted - Jared Klickstein","","2026-03-02T23:09:53Z","2025-07-13","4065578","https://open.spotify.com/episode/6oShCEqEV1jQ25GD4w4Sb3","1","false"
"5MSaqFQI5YIS0DwV3djHSk","episode","Episode 538: Sex is about power (the fantasy of most men)","","2026-03-02T23:10:57Z","2025-07-25","529136","https://open.spotify.com/episode/5MSaqFQI5YIS0DwV3djHSk","1","false"
"7ap5FYfVB4RdsJF9mwbkLZ","episode","Episode 341: All men pay","","2026-03-02T23:30:31Z","2023-07-07","567036","https://open.spotify.com/episode/7ap5FYfVB4RdsJF9mwbkLZ","1","false"
"147elgO3YmyoRIk9u6AgLL","episode","Episode 334: What men don’t understand about female selection","","2026-03-02T23:31:25Z","2023-06-14","701052","https://open.spotify.com/episode/147elgO3YmyoRIk9u6AgLL","1","false"
"2ayaDcYXXykrFkPUplOhTn","episode","Episode 340: Most people don’t want relationships","","2026-03-02T23:31:36Z","2023-07-03","567036","https://open.spotify.com/episode/2ayaDcYXXykrFkPUplOhTn","1","false"
"6uOt9IkVdGFnP2mloDsLhT","episode","Episode 241: The truth about romance: Romance is for men","","2026-03-02T23:33:33Z","2022-10-25","432831","https://open.spotify.com/episode/6uOt9IkVdGFnP2mloDsLhT","1","false"
"0pZ82u7ad0gDkthXAm0SmU","episode","Episode 354: The way it all ends (Part 1)","","2026-03-02T23:34:09Z","2023-08-29","632532","https://open.spotify.com/episode/0pZ82u7ad0gDkthXAm0SmU","1","false"
"6cdQ9REOoBhOVYKu1FhB18","episode","Episode 354: The way it all ends (Part 2)","","2026-03-02T23:34:14Z","2023-08-29","557532","https://open.spotify.com/episode/6cdQ9REOoBhOVYKu1FhB18","1","false"
"0Nn0uJaxQtHzPEqqXYzmLz","episode","Nigeria, After America || Peter Zeihan","","2026-03-02T23:36:08Z","2024-02-19","553400","https://open.spotify.com/episode/0Nn0uJaxQtHzPEqqXYzmLz","2","true"
"2h8XoT1udcGSpu1kxSDrB7","episode","Iran Attacks Israel, Sort Of... || Peter Zeihan","","2026-03-02T23:36:32Z","2024-04-15","309566","https://open.spotify.com/episode/2h8XoT1udcGSpu1kxSDrB7","2","true"
"7KJw6pGzcxTZNOYKQFGspj","episode","Europe's Latest S*** Show: Farmers On Strike || Peter Zeihan","","2026-03-02T23:36:49Z","2024-03-04","359266","https://open.spotify.com/episode/7KJw6pGzcxTZNOYKQFGspj","2","true"
"5ImPJahEI0jJjLTYuwMcXg","episode","The (Much Extended) Agony of Israel and Gaza || Peter Zeihan","","2026-03-02T23:37:26Z","2024-05-28","457466","https://open.spotify.com/episode/5ImPJahEI0jJjLTYuwMcXg","2","true"
"6Z9T9eM4sbqqnrLiiCC6km","episode","What Is the United States' Role in the (New) Global Order? || Ask Peter Zeihan","","2026-03-02T23:40:05Z","2024-08-30","606700","https://open.spotify.com/episode/6Z9T9eM4sbqqnrLiiCC6km","2","true"
"6gdb2XoP5WDYF1FcYrh9d2","episode","Libyan Oil Gets Shut Down Over Government Duel || Peter Zeihan","","2026-03-02T23:40:24Z","2024-08-29","337900","https://open.spotify.com/episode/6gdb2XoP5WDYF1FcYrh9d2","2","true"
"4xUbqaqPwG5AwTOZTyJ7z7","episode","The Houthis Are Still Attacking Ships in the Red Sea || Peter Zeihan","","2026-03-02T23:40:40Z","2024-08-28","326166","https://open.spotify.com/episode/4xUbqaqPwG5AwTOZTyJ7z7","2","true"
"180ptbNaVbICWrGG3trij8","episode","Hurricanes in the Gulf, Offshore Oil and the Energy Sector || Peter Zeihan","","2026-03-02T23:41:12Z","2024-09-17","184966","https://open.spotify.com/episode/180ptbNaVbICWrGG3trij8","1","false"
"0DiPyiDLhtZiGX6I30TDZE","episode","Episode 229: Women treat men the way men treat jobs","","2026-03-03T00:07:58Z","2022-10-01","335829","https://open.spotify.com/episode/0DiPyiDLhtZiGX6I30TDZE","1","false"
"64tKTNExdGdBL7SaVuLK4h","episode","Episode 259: Men treat women the way women treat money","","2026-03-03T00:08:15Z","2022-11-30","576661","https://open.spotify.com/episode/64tKTNExdGdBL7SaVuLK4h","1","false"
"4kS4J2k3FO95EDR5XYUXsO","episode","Episode 282: Loyalty means different things to men and women","","2026-03-03T00:08:35Z","2023-01-13","397738","https://open.spotify.com/episode/4kS4J2k3FO95EDR5XYUXsO","1","false"
"2I7AgqwPPzOMMcArNbTFKS","episode","Episode 248: Respect means different things to men and women","","2026-03-03T00:08:55Z","2022-11-08","458730","https://open.spotify.com/episode/2I7AgqwPPzOMMcArNbTFKS","1","false"
"16QtdL2Ls9N6r5cVBIxBvU","episode","This is Your Brain on Bullsh*t - David Pinsof - #980 ","","2026-03-03T00:11:41Z","2025-08-14","4331328","https://open.spotify.com/episode/16QtdL2Ls9N6r5cVBIxBvU","1","false"
"5MJ7jALO0ZTc2cEqAikwD0","episode","Why Does The Female Orgasm Exist? - Dr Robert King - #977 ","","2026-03-03T00:11:53Z","2025-08-07","5537728","https://open.spotify.com/episode/5MJ7jALO0ZTc2cEqAikwD0","1","false"
"3XbwuhxiyTFt3Ey775qrPR","episode","An Honest Conversation With Tommy Robinson","","2026-03-03T00:12:06Z","2025-08-10","9617686","https://open.spotify.com/episode/3XbwuhxiyTFt3Ey775qrPR","1","false"
"7DNjh6ziqqOQn5GM0Pqsg8","episode","The Manosphere, Pickup Culture & Male Loneliness - James Bloodworth - #975 ","","2026-03-03T00:13:48Z","2025-08-02","4681898","https://open.spotify.com/episode/7DNjh6ziqqOQn5GM0Pqsg8","1","false"
"2EtNK9Wz7gsGXeXug7aTfV","episode","Our Thoughts on Tommy Interview, Migrant Protests and Haters","","2026-03-03T00:15:02Z","2025-08-15","4338688","https://open.spotify.com/episode/2EtNK9Wz7gsGXeXug7aTfV","1","false"
"1KtPAWEpjNEiqiildreOwq","episode","The Best Of BIDEN & TRUMP with @KillTony Adam Ray, Shane Gillis.","","2026-03-03T00:16:21Z","2025-01-23","1785777","https://open.spotify.com/episode/1KtPAWEpjNEiqiildreOwq","1","false"
"2NZOMgChjqwnUQL2Gnsy4O","episode","The Reality of South Africa's Farm Murders - Rob Hersov","","2026-03-03T00:17:47Z","2025-06-04","4363968","https://open.spotify.com/episode/2NZOMgChjqwnUQL2Gnsy4O","1","false"
"17uRcTsRjG0JQLQF8O97as","episode","We Proved Trans Women are Men - Maya Forstater","","2026-03-03T00:18:35Z","2025-04-27","4072106","https://open.spotify.com/episode/17uRcTsRjG0JQLQF8O97as","1","false"
"6kpP7jgAq6gsQHjt4fySdc","episode","Israel vs Iran - Matthew Syed","","2026-03-03T00:18:47Z","2025-06-20","4346453","https://open.spotify.com/episode/6kpP7jgAq6gsQHjt4fySdc","1","false"
"1laC4wg423LBtfMVluEM9D","episode","How Satellites Reveal China's Taiwan Invasion Plans","","2026-03-03T00:22:14Z","2025-11-10","2058367","https://open.spotify.com/episode/1laC4wg423LBtfMVluEM9D","1","false"
"1iDROxnqQL8FNdoFgZdJPP","episode","The Truth about the Crusades - Dan Jones","","2026-03-03T00:26:07Z","2025-03-05","4937813","https://open.spotify.com/episode/1iDROxnqQL8FNdoFgZdJPP","1","false"
"08cuoj4rma89ad6sILYydU","episode","The Truth about Lenin, Stalin and the Soviet Union - Michael Malice","","2026-03-03T00:26:20Z","2025-01-19","4238869","https://open.spotify.com/episode/08cuoj4rma89ad6sILYydU","1","false"
"5opMpte2oKPyWFDcLJ6wRm","episode","How Love Dies: The Psychology of Cheating & Attraction - Esther Perel - #986 ","","2026-03-03T00:26:32Z","2025-08-28","5075733","https://open.spotify.com/episode/5opMpte2oKPyWFDcLJ6wRm","1","false"
"10RSGdAltARreQ1lFhmREp","episode","Mania: How Societies Go Crazy - Lionel Shriver","","2026-03-03T00:26:42Z","2025-05-11","4252800","https://open.spotify.com/episode/10RSGdAltARreQ1lFhmREp","2","true"
"0N3MIHZRhSDfvj81TL8OCc","episode","Why Does The Modern World Make No Sense? - Tom Segura - #901 ","","2026-03-03T00:27:33Z","2025-02-10","7689365","https://open.spotify.com/episode/0N3MIHZRhSDfvj81TL8OCc","1","false"
"1nW1jQwkX6Fyg6YggQGEnF","episode","The Blueprint for Better Relationships & a Peaceful Life - Dr John Delony - #991 ","","2026-03-03T00:30:43Z","2025-09-08","6475242","https://open.spotify.com/episode/1nW1jQwkX6Fyg6YggQGEnF","1","false"
"56axQtkiECTdMD0xCBw3wn","episode","What Makes Poor People Overweight?","","2026-03-03T00:31:08Z","2025-08-31","888346","https://open.spotify.com/episode/56axQtkiECTdMD0xCBw3wn","1","false"
"","DROPPED_NULL","","","2026-03-02T03:40:03Z","","","","","false"
"","DROPPED_NULL","","","2026-03-02T06:11:42Z","","","","","false"
"","DROPPED_NULL","","","2026-03-02T08:46:39Z","","","","","false"
"","DROPPED_NULL","","","2026-03-03T00:24:50Z","","","","","false"
"5slpsMAyaXKh0Du0VxuRvJ","episode","Why We’re Fatter Than Ever - Mike Israetel","","2026-03-03T00:31:28Z","2025-07-02","4950698","https://open.spotify.com/episode/5slpsMAyaXKh0Du0VxuRvJ","1","false"
"32pxSlYo8rRZUpzZI0eBtn","episode","Are you Hungry, Even When You Are Full?","","2026-03-03T00:31:47Z","2020-01-26","306178","https://open.spotify.com/episode/32pxSlYo8rRZUpzZI0eBtn","1","false"
"1YsePCFjaRjBNtr2TDzuOs","episode"," Can Britain Still Be Saved? | Konstantin Kisin","","2026-03-03T00:33:36Z","2025-09-09","3568298","https://open.spotify.com/episode/1YsePCFjaRjBNtr2TDzuOs","1","false"
"38ktQk7ajfXx7pMtVxhsvL","episode","What Traits Should You Look For In A Partner? - Dr Shannon Curry - #908 ","","2026-03-03T00:42:34Z","2025-02-27","4675456","https://open.spotify.com/episode/38ktQk7ajfXx7pMtVxhsvL","1","false"
"4uMfBXZAg8rM7yx8uEKKjA","episode","Why Rome Collapsed - Barry Strauss","","2026-03-03T00:44:34Z","2025-05-28","4008640","https://open.spotify.com/episode/4uMfBXZAg8rM7yx8uEKKjA","1","false"
"0P0rEb5RQyunW9DkY2XPH4","episode","AMANDA & BRONNY - Balancing Motherhood & a career in the Mining Industry","","2026-03-03T00:45:48Z","2024-08-07","1428330","https://open.spotify.com/episode/0P0rEb5RQyunW9DkY2XPH4","1","false"
"0wFdsO40N0XCQ09wkHWCSI","episode","Why You Should Be Worried About Digital ID - Silkie Carlo","","2026-03-03T00:46:26Z","2025-10-05","3477077","https://open.spotify.com/episode/0wFdsO40N0XCQ09wkHWCSI","1","false"
"7xipirToCJ6Y2KdvlAFHje","episode","And You Thought the Jones Act Was Dumb... || Peter Zeihan","","2026-03-03T00:46:53Z","2025-10-08","208138","https://open.spotify.com/episode/7xipirToCJ6Y2KdvlAFHje","1","false"
"3bSDUMP1zwQ62wilpkJtzd","episode","Testing NATO (Trump and Europe Prepare for the Worst) || Peter Zeihan","","2026-03-03T00:47:05Z","2025-10-07","325842","https://open.spotify.com/episode/3bSDUMP1zwQ62wilpkJtzd","1","false"
"11xaoXVt8VIoLe9hda1VzM","episode","Say Goodbye to the World's Trade Routes || Peter Zeihan","","2026-03-03T00:47:52Z","2025-10-06","280675","https://open.spotify.com/episode/11xaoXVt8VIoLe9hda1VzM","1","false"
"0GfhZwzDEFbvXyZaGne2lJ","episode","Why This Part of Africa is Erased on Every Map You See","","2026-03-03T00:48:59Z","2025-12-29","2309312","https://open.spotify.com/episode/0GfhZwzDEFbvXyZaGne2lJ","1","false"
"5f4Flw3Taxdwn0sOcCGYdO","episode","25-Year Divorce Lawyer: These 3 Things Destroy Every Marriage","","2026-03-03T00:49:57Z","2025-09-03","4628845","https://open.spotify.com/episode/5f4Flw3Taxdwn0sOcCGYdO","1","false"
"5KuiWxkrOcgTJbgd8ZmovT","episode","The True History of England with Dan Snow","","2026-03-03T00:50:09Z","2025-09-21","7020117","https://open.spotify.com/episode/5KuiWxkrOcgTJbgd8ZmovT","1","false"
"5M1R8mJf8eVmf57lI2yz6l","episode","A Dark Future for American Agriculture || Peter Zeihan","","2026-03-03T00:50:19Z","2025-10-13","424750","https://open.spotify.com/episode/5M1R8mJf8eVmf57lI2yz6l","1","false"
"0MYObSh8f18cBWOhhlt6u5","episode","A Break for Ukraine || Peter Zeihan","","2026-03-03T00:50:29Z","2025-10-11","538297","https://open.spotify.com/episode/0MYObSh8f18cBWOhhlt6u5","1","false"
"7tfQ7zjjhviZMGqllpQavZ","episode","Why Israel & Turkey Are Heading Toward a Major Conflict Over Syria","","2026-03-03T00:51:26Z","2025-10-20","2274773","https://open.spotify.com/episode/7tfQ7zjjhviZMGqllpQavZ","1","false"
"7E4q0lZS3UfzlTbsoPmHWR","episode"," Why Everyone is leaving New Zealand","","2026-03-03T00:51:37Z","2025-10-11","758016","https://open.spotify.com/episode/7E4q0lZS3UfzlTbsoPmHWR","1","false"
"4Is5ChX83uH2zZIJZMNItB","episode","Rajarshi Nandy Astrology Special: Zodiac Signs, Planets, Destiny & More | The Ranveer Show 334","","2026-03-03T00:54:51Z","2023-08-25","8609802","https://open.spotify.com/episode/4Is5ChX83uH2zZIJZMNItB","1","false"
"0idJR1V8XNCLz3BMvpMnMv","episode","Comedian Simon Evans Learns the Life-Changing Truth About His Dad","","2026-03-03T00:55:51Z","2023-07-12","4497214","https://open.spotify.com/episode/0idJR1V8XNCLz3BMvpMnMv","1","false"
"2I15agSPTp32NDyAlPZOM1","episode","Thomas Sowell: A Free Man | Peter Robinson | Hoover Institution","","2026-03-03T00:57:53Z","2025-10-21","3919392","https://open.spotify.com/episode/2I15agSPTp32NDyAlPZOM1","1","false"
"5ZxzJpqfCJsXEC3BWCVmIR","episode","Comedian Ari Matti Destroys Triggernometry","","2026-03-03T00:58:08Z","2025-05-18","3568170","https://open.spotify.com/episode/5ZxzJpqfCJsXEC3BWCVmIR","1","false"
"3dc6gPF4O49NkKaeWLpdMS","episode","1212: Orion Taraban | Understanding Relationship Economics Part One","","2026-03-03T00:59:38Z","2025-09-23","4785711","https://open.spotify.com/episode/3dc6gPF4O49NkKaeWLpdMS","1","false"
"7nwPJYeMz95ZLJftt1yo2X","episode","# 677 - Ari Matti is on Your Sleep Schedule","","2026-03-03T01:00:16Z","2025-05-21","6955349","https://open.spotify.com/episode/7nwPJYeMz95ZLJftt1yo2X","1","false"
"22gVRSYZf9ESkoVYUYu83G","episode","Work Visas w/ Ari Matti | You Be Trippin' with Ari Shaffir","","2026-03-03T01:00:35Z","2025-03-17","7233280","https://open.spotify.com/episode/22gVRSYZf9ESkoVYUYu83G","1","false"
"3yZW971lBsjXLscDTUuuqf","episode","Ari Matti!","","2026-03-03T01:00:49Z","2024-11-21","4355861","https://open.spotify.com/episode/3yZW971lBsjXLscDTUuuqf","1","false"
"0SHpNfAA9TqWw18Klf51fR","episode","Tony Hinchcliffe: Cancelled for a Joke","","2026-03-03T01:01:17Z","2023-10-29","3822497","https://open.spotify.com/episode/0SHpNfAA9TqWw18Klf51fR","1","false"
"6hlPVQ8lyVv4L00hcocGnw","episode","Comedian Cancelled by China - 'Uncle Roger'","","2026-03-03T01:01:28Z","2023-06-04","3562893","https://open.spotify.com/episode/6hlPVQ8lyVv4L00hcocGnw","2","true"
"5QLHkLSKlPHOccyDRgJClA","episode","Why Nothing Makes You Happy","","2026-03-03T01:03:09Z","2024-12-16","2161749","https://open.spotify.com/episode/5QLHkLSKlPHOccyDRgJClA","1","false"
"5syn5kT6byRvPTNHsSzQ9n","episode","#2398 - Francis Foster & Konstantin Kisin","","2026-03-03T01:04:30Z","2025-10-22","10627881","https://open.spotify.com/episode/5syn5kT6byRvPTNHsSzQ9n","1","false"
"4WC0bRJP6jii7ebhw3arIz","episode","Essentials: Lose Fat With Science-Based Tools","","2026-03-03T01:05:31Z","2025-04-03","2269717","https://open.spotify.com/episode/4WC0bRJP6jii7ebhw3arIz","1","false"
"3tF7MiscMkBJY70zyerZTv","track","Taking Sexual Inventory","Louis C.K.","2026-03-03T03:12:09Z","","328754","https://open.spotify.com/track/3tF7MiscMkBJY70zyerZTv","1","false"
"4dtFreaLUqlmNR0eklkzW3","track","Being Single Again","Louis C.K.","2026-03-03T03:12:24Z","","426560","https://open.spotify.com/track/4dtFreaLUqlmNR0eklkzW3","1","false"
"6wAl7iWLNXQkXs8FtyZLY0","track","Bad Girlfriend","Louis C.K.","2026-03-03T03:12:37Z","","493635","https://open.spotify.com/track/6wAl7iWLNXQkXs8FtyZLY0","1","false"
"4AU20LNBXuV4GCM6XbwqgZ","episode","The Performative Male Epidemic - Louise Perry & Mary Harrington - #1021 ","","2026-03-03T03:16:49Z","2025-11-17","8066368","https://open.spotify.com/episode/4AU20LNBXuV4GCM6XbwqgZ","1","false"
"5DFpccNbYcqdgxNkq7sGiO","episode","#134 Rory Sutherland's Hilarious Hidden Quirks ","","2026-03-03T03:25:33Z","2025-05-06","5728853","https://open.spotify.com/episode/5DFpccNbYcqdgxNkq7sGiO","1","false"
"3gOSdB2ccKoMPlFyrrwGy9","episode","The Problem With Feminising Society - Helen Andrews","","2026-03-03T03:33:05Z","2025-12-31","3864000","https://open.spotify.com/episode/3gOSdB2ccKoMPlFyrrwGy9","1","false"
"6JBfxm6nhyiQpyvo46wBIj","episode","The Emotional Cost Of Undiagnosed ADHD & How To Reverse It | Dr Lalitaa Suglani (Psychologist)","","2026-03-03T03:34:07Z","2025-12-30","3088484","https://open.spotify.com/episode/6JBfxm6nhyiQpyvo46wBIj","1","false"
"3XrJpgNcrtGonaPAC3NQRW","episode","#148 Jimmy Carr - How to Build Confidence, Find Love & Stop Wasting Your Life","","2026-03-03T03:35:38Z","2025-12-28","4509162","https://open.spotify.com/episode/3XrJpgNcrtGonaPAC3NQRW","1","false"
"4MM8o1HTdd83atwZM0XwBf","episode","The Invisible Struggle: The Truth About Women's ADHD (Explained by a psychiatrist) | Dr Shyamal Mashru","","2026-03-03T03:43:35Z","2025-11-11","3728473","https://open.spotify.com/episode/4MM8o1HTdd83atwZM0XwBf","1","false"
"4YlA6Bx2UwGwgcgZFQlpzq","episode","3 Dark Ways Trauma Can Manifest In ADHD Women | Ella McCrystal","","2026-03-03T03:44:10Z","2025-03-18","5349015","https://open.spotify.com/episode/4YlA6Bx2UwGwgcgZFQlpzq","1","false"
"4Bc8QMTydlyweQuKQanvOd","episode","Venezuela Update with Francis Foster and Konstantin Kisin","","2026-03-03T03:51:05Z","2026-01-05","3309725","https://open.spotify.com/episode/4Bc8QMTydlyweQuKQanvOd","1","false"
"1gmv30QvOpQGy4bR4AJlvn","episode","Why Socialism Never Works - A Warning From Venezuela - Daniel Di Martino","","2026-03-03T03:51:28Z","2025-12-24","3896000","https://open.spotify.com/episode/1gmv30QvOpQGy4bR4AJlvn","1","false"
"0pWXOwOYM62caSSM0Bf297","episode","Stop Believing These ADHD Myths: Get the Real Deal, with Dr. Steven Storage","","2026-03-03T03:53:08Z","2025-08-04","2486464","https://open.spotify.com/episode/0pWXOwOYM62caSSM0Bf297","1","false"
"7cj5h0p6sG7yxMz7b53FLc","episode","#432 – Kevin Spacey: Power, Controversy, Betrayal, Truth & Love in Film and Life","","2026-03-03T03:54:53Z","2024-06-05","8339242","https://open.spotify.com/episode/7cj5h0p6sG7yxMz7b53FLc","2","true"
"46Z6qSSNwcn50qOyBqGdiu","episode","Adderall, Stimulants & Modafinil for ADHD: Short- & Long-Term Effects","","2026-03-03T03:55:51Z","2023-05-29","6962677","https://open.spotify.com/episode/46Z6qSSNwcn50qOyBqGdiu","1","false"
"5Sa4MStve4Pq4Fp179skbN","episode","#2380 - Jordan Jensen","","2026-03-03T03:56:26Z","2025-09-17","10662356","https://open.spotify.com/episode/5Sa4MStve4Pq4Fp179skbN","1","false"
"2dqqXtEA7ljowBSXJOssS0","episode","LIVE Iran Update with Mahyar Tousi","","2026-03-03T03:57:03Z","2026-01-08","2181205","https://open.spotify.com/episode/2dqqXtEA7ljowBSXJOssS0","1","false"
"4RLFyR47HJHye71FDmQdzd","episode","Behaviour Change Scientist on ADHD & Addiction: Shahroo Izadi","","2026-03-03T04:12:45Z","2026-01-07","4729861","https://open.spotify.com/episode/4RLFyR47HJHye71FDmQdzd","1","false"
"4T1bfo2N8P7Cv5P93t61yR","episode","The “devastating” findings of a decades-long ADHD study | Hyperfocus","","2026-03-03T05:16:12Z","2024-12-12","1581192","https://open.spotify.com/episode/4T1bfo2N8P7Cv5P93t61yR","1","false"
"1DUJ5H8rESuZWHO1lVDAz8","episode","Adam Lane Smith + Andrey Korikov | Fear vs. Freedom: How To Choose Love Over Fear When It Matters Most","","2026-03-03T05:19:25Z","2024-06-25","4882176","https://open.spotify.com/episode/1DUJ5H8rESuZWHO1lVDAz8","1","false"
"4Ahg0IWnyDPpKwIrrogOis","episode","ADHD & How Anyone Can Improve Their Focus","","2026-03-03T05:22:10Z","2021-09-13","7972649","https://open.spotify.com/episode/4Ahg0IWnyDPpKwIrrogOis","1","false"
"2BdYfkpoLGPrYbgtvNvtxF","episode","Ep. 3739 What Italy Just DID To Its Muslims Changes EVERYTHING!!!","","2026-03-03T05:33:27Z","2026-01-14","742485","https://open.spotify.com/episode/2BdYfkpoLGPrYbgtvNvtxF","1","false"
"2qbeXoDFEed1GSNpdaVlQU","episode","Minisode 115: Top 5 ADHD Medications Ranked (By a Psychiatrist!)","","2026-03-03T05:34:25Z","2025-07-25","553769","https://open.spotify.com/episode/2qbeXoDFEed1GSNpdaVlQU","1","false"
"1QZZRHleFt8Teug0BfRJjl","episode","The Radicalisation Of America - Gregg Hurwitz","","2026-03-03T05:47:21Z","2026-01-18","4096640","https://open.spotify.com/episode/1QZZRHleFt8Teug0BfRJjl","1","false"
"6viS5R5VpncMRBUZHuFZLC","episode","#2443 - Filippo Biondi","","2026-03-03T05:50:55Z","2026-01-23","7646633","https://open.spotify.com/episode/6viS5R5VpncMRBUZHuFZLC","2","true"
"6vXEA4dVOfu9Y1QY0bMt87","episode","A Harmless Man is NOT a Good Man - Jordan Peterson | After Skool","","2026-03-03T05:53:49Z","2026-08-18","536372","https://open.spotify.com/episode/6vXEA4dVOfu9Y1QY0bMt87","1","false"
"2WLYHUwXZLlkXmt17pUgkA","episode","The Dangers of Victimhood - Jordan Peterson | After Skool","","2026-03-03T05:54:51Z","2026-08-16","519444","https://open.spotify.com/episode/2WLYHUwXZLlkXmt17pUgkA","1","false"
"6wOL2NXJhCqINkGuVCisgD","episode","Why is the VICTIM Mindset So Attractive? - Baggage Claim | After Skool","","2026-03-03T05:55:30Z","2026-08-23","686524","https://open.spotify.com/episode/6wOL2NXJhCqINkGuVCisgD","1","false"
"5OW3tEZwVkE2NiwAkIWFKQ","episode","Alan Watts - The Road to Hell is Paved with Good Intentions | After Skool","","2026-03-03T05:55:56Z","2026-08-21","773224","https://open.spotify.com/episode/5OW3tEZwVkE2NiwAkIWFKQ","1","false"
"37RqgloECICoID7Eqe1tuw","episode","F-Boy 101 | KC Shornima | Stand Up Comedy","","2026-03-03T06:01:21Z","2025-04-14","629845","https://open.spotify.com/episode/37RqgloECICoID7Eqe1tuw","1","false"
"6PUjSHTNOIA9vwzoxPNIel","episode","Why You Should Stop Watching YouTube (Yes even this Podcast)","","2026-03-03T06:03:52Z","2026-02-14","639360","https://open.spotify.com/episode/6PUjSHTNOIA9vwzoxPNIel","1","false"
"2bSb01LKFwW5y8tQ8C2mHg","episode","Why Inbreeding is Terrible AND Amazing - Bret Weinstein | After Skool","","2026-03-03T06:04:58Z","2026-08-16","901093","https://open.spotify.com/episode/2bSb01LKFwW5y8tQ8C2mHg","1","false"
"0VtBzwSLIVS7FW0CQsOLme","episode","Multiculturalism And Extremism Are Sabotaging The West | Henry Ergas","","2026-03-03T06:05:22Z","2026-01-23","5103296","https://open.spotify.com/episode/0VtBzwSLIVS7FW0CQsOLme","1","false"
"7MNjUfpuf1BmGwGNcRHp1G","episode","How Early Separation from Mom Causes Permanent Personality Changes - Erica Komisar | After Skool","","2026-03-03T06:10:22Z","2026-08-15","668865","https://open.spotify.com/episode/7MNjUfpuf1BmGwGNcRHp1G","1","false"
"5Xr2T1IqKthDEcPLeUP9Bx","episode","Keir Starmer is Finished. But What Did We Learn From Mandelson/Epstein Affair? - Konstantin Kisin","","2026-03-03T06:12:59Z","2026-02-16","413760","https://open.spotify.com/episode/5Xr2T1IqKthDEcPLeUP9Bx","1","false"
"70SF7E1b5id7XfdcF1CghN","episode","Jeremy Boreing On Candace Owens, Tucker Carlson and Nick Fuentes","","2026-03-03T06:13:21Z","2026-01-28","5173120","https://open.spotify.com/episode/70SF7E1b5id7XfdcF1CghN","1","false"
"3KsNl15oaPh10bFhziR97B","episode","They Tried To Cancel Me So Many Times I Stopped Caring - Greg Gutfeld","","2026-03-03T06:13:39Z","2026-01-11","4101098","https://open.spotify.com/episode/3KsNl15oaPh10bFhziR97B","1","false"
"4sJYN8thwMK37q4OjIEmYS","episode","My Husband Can't Give Compliments | Rachel Feinstein | Stand Up Comedy","","2026-03-03T06:20:05Z","2025-07-23","674665","https://open.spotify.com/episode/4sJYN8thwMK37q4OjIEmYS","2","true"
"4KRNyuezTygfEZVABn4A8s","episode","How the Internet Ruins Young People - Freya India","","2026-03-03T06:24:26Z","2026-02-25","5077354","https://open.spotify.com/episode/4KRNyuezTygfEZVABn4A8s","1","false"
"2nPWh6rRrG78xBkOwt1bNb","episode","My Mother had Toxic Masculinity | Jay Larson | Stand Up Comedy","","2026-03-03T06:25:47Z","2025-08-22","660629","https://open.spotify.com/episode/2nPWh6rRrG78xBkOwt1bNb","1","false"
"64SbstrRaMciDN2scQgpWy","episode","Robert Jenrick - ""I Joined Reform To Save The Country""","","2026-03-03T06:26:46Z","2026-02-01","5134720","https://open.spotify.com/episode/64SbstrRaMciDN2scQgpWy","1","false"
"47pdRvWUGBqHmIj6uwWx5e","episode","Is This The End of Humanity? - Eric Weinstein","","2026-03-03T06:27:26Z","2026-02-11","4736213","https://open.spotify.com/episode/47pdRvWUGBqHmIj6uwWx5e","1","false"
"0kDNfJxI6nKBGevBzfyxz5","episode","Mel Gibson Tried to Warn You (And Hollywood Destroyed Him For It) | Moon","","2026-03-03T06:28:04Z","2026-08-17","1306697","https://open.spotify.com/episode/0kDNfJxI6nKBGevBzfyxz5","1","false"
"5N3DTJENpGqbRDFYalntkT","episode","#1709 - Amanda Knox","","2026-03-03T06:30:41Z","2021-09-21","11516777","https://open.spotify.com/episode/5N3DTJENpGqbRDFYalntkT","1","false"
"6nS6DCMLT74v2ts6dXduhO","track","Constant Sexual Thoughts","Louis C.K.","2026-03-03T06:31:01Z","","372150","https://open.spotify.com/track/6nS6DCMLT74v2ts6dXduhO","1","false"
"0d5BsoC5dcrhLhdE0AFnCK","episode","When Creepy Celebrities Exposed Themselves on Conan | Moon","","2026-03-03T06:31:29Z","2026-08-16","1693492","https://open.spotify.com/episode/0d5BsoC5dcrhLhdE0AFnCK","1","false"
"7orefgcCQQk6DRySWsq9JC","episode","The Pathetic Life of an Internet ""Alpha Male""","","2026-03-03T06:31:46Z","2025-12-30","2901333","https://open.spotify.com/episode/7orefgcCQQk6DRySWsq9JC","1","false"
"6SrQCDJnGb4tds6NPtapv4","episode","When Your Favorite Movie Aged Terribly","","2026-03-03T06:33:27Z","2025-08-16","181789","https://open.spotify.com/episode/6SrQCDJnGb4tds6NPtapv4","1","false"
"7xtezVBr6AklntGMWs8RDB","episode","The Psychology of The Restless Wanderer","","2026-03-03T06:38:32Z","2025-09-24","3179067","https://open.spotify.com/episode/7xtezVBr6AklntGMWs8RDB","1","false"
"520uAfqOhKNeZQGvdIE4Ve","episode","#2375 - Tim Dillon","","2026-03-03T06:38:45Z","2025-09-04","9634025","https://open.spotify.com/episode/520uAfqOhKNeZQGvdIE4Ve","1","false"
"02nE2SBmL0jle3vfYb4dNy","episode","Is Being Smart Worth the Depression? - Alex O’Connor & Joe Folley - #1012 ","","2026-03-03T06:38:54Z","2025-10-27","7121045","https://open.spotify.com/episode/02nE2SBmL0jle3vfYb4dNy","1","false"
"627xqGgvGz9w4cZAClqri1","episode","#2448 - Andrew Doyle","","2026-03-03T06:39:08Z","2026-02-04","9581673","https://open.spotify.com/episode/627xqGgvGz9w4cZAClqri1","1","false"
"7aTgdbWt4rLg7H7BbErXMC","episode","#2454 - Robert Malone, MD","","2026-03-03T06:39:29Z","2026-02-13","9202025","https://open.spotify.com/episode/7aTgdbWt4rLg7H7BbErXMC","1","false"
"4sjsBhsIf45Nut5H0bE11A","episode","#2451 - Cheryl Hines","","2026-03-03T06:40:03Z","2026-02-10","11079103","https://open.spotify.com/episode/4sjsBhsIf45Nut5H0bE11A","1","false"
"3FACIgVTOs46Vq9JgzqIak","episode","How Humans Select & Keep Romantic Partners in Short & Long Term | Dr. David Buss","","2026-03-03T06:40:21Z","2021-11-29","7669263","https://open.spotify.com/episode/3FACIgVTOs46Vq9JgzqIak","2","true"
"2wP0uTefdUM4b2PSykf0DP","episode","Essentials: How Humans Select & Keep Romantic Partners in the Short & Long Term | Dr. David Buss","","2026-03-03T06:40:28Z","2025-10-02","2145344","https://open.spotify.com/episode/2wP0uTefdUM4b2PSykf0DP","1","false"
"3BbNbRHivVGOz8HJG8aHiw","episode","Analyzing Evil: Agent Smith And The World Of The Matrix","","2026-03-03T06:42:00Z","2026-02-01","1122522","https://open.spotify.com/episode/3BbNbRHivVGOz8HJG8aHiw","1","false"
"4Zm19BrJU1L5hvrnCDpoTq","episode","#67 – Mihaly Csikszentmihalyi: Flow","","2026-03-03T06:42:15Z","2023-12-09","3862935","https://open.spotify.com/episode/4Zm19BrJU1L5hvrnCDpoTq","1","false"
"7ocPNLwoO1fOeXrdJQYVC3","episode","The Diffusion of Innovation Theory","","2026-03-03T06:42:22Z","2024-05-08","1235591","https://open.spotify.com/episode/7ocPNLwoO1fOeXrdJQYVC3","1","false"
"4ghbqJuVw4KXle2Y3AuYrv","episode","Ep. 36 - David Puts: Evolutionary Anthropologist Explains How Men Evolved","","2026-03-03T06:42:31Z","2023-11-08","4133092","https://open.spotify.com/episode/4ghbqJuVw4KXle2Y3AuYrv","1","false"
"3RJEqujQozarIiq0L4I8nz","episode","The Psychology of Creativity","","2026-03-03T06:42:38Z","2026-01-16","3299067","https://open.spotify.com/episode/3RJEqujQozarIiq0L4I8nz","1","false"
"2g8uSjFibZzadZoHdqcDch","episode","Dr Diana Fleischman on Evolutionary Psychology, Men & Women & Effective Altruism","","2026-03-03T06:42:53Z","2018-07-09","3934641","https://open.spotify.com/episode/2g8uSjFibZzadZoHdqcDch","1","false"
"2epoFoZAN6c5FQpkQ2jIPr","episode","How To Style An Hourglass Shaped Body","","2026-03-03T06:43:04Z","2024-04-13","940431","https://open.spotify.com/episode/2epoFoZAN6c5FQpkQ2jIPr","1","false"
"5RTSvuuzqI8cylt5vMTt4I","episode","#137 Debunking Arguments for God - Graham Oppy","","2026-03-03T06:43:14Z","2026-01-04","6036608","https://open.spotify.com/episode/5RTSvuuzqI8cylt5vMTt4I","1","false"
"6SDJTwnt82zdxO4BDqNQEC","episode","#143 Hinduism, Consciousness and Advaita Vedanta - Swami Sarvapriyananda","","2026-03-03T06:43:31Z","2026-02-16","6922859","https://open.spotify.com/episode/6SDJTwnt82zdxO4BDqNQEC","1","false"
"1kfWB2DhSOhZfM0ukBDUfK","episode","#2457 - Michael Malice","","2026-03-03T06:43:54Z","2026-02-19","9701930","https://open.spotify.com/episode/1kfWB2DhSOhZfM0ukBDUfK","2","true"
"5j2FacIn3iaDRTmRwGHM3z","episode"," Remember Shane Dawson? His Life is Ruined Now...","","2026-03-03T06:45:08Z","2026-02-26","1443654","https://open.spotify.com/episode/5j2FacIn3iaDRTmRwGHM3z","1","false"
"3Wlm1QG4KhJRpaLpYRzu4c","episode","#150 - Curtis Yarvin - Can Democracy Survive AI and Debt?","","2026-03-03T06:46:57Z","2026-02-23","8236459","https://open.spotify.com/episode/3Wlm1QG4KhJRpaLpYRzu4c","1","false"
"0ki35c7T1k07bzy95kYsZb","episode","How to Treat Men Better - Alison Armstrong - #1026 ","","2026-03-03T06:47:25Z","2025-11-29","10880576","https://open.spotify.com/episode/0ki35c7T1k07bzy95kYsZb","1","false"
"1kfWB2DhSOhZfM0ukBDUfK","episode","#2457 - Michael Malice","","2026-03-03T06:49:33Z","2026-02-19","9701930","https://open.spotify.com/episode/1kfWB2DhSOhZfM0ukBDUfK","2","true"
"180ulh8m7Z0nMem9Yl2KZj","episode","#2445 - Bert Kreischer","","2026-03-03T06:50:25Z","2026-01-29","10035562","https://open.spotify.com/episode/180ulh8m7Z0nMem9Yl2KZj","1","false"
"46UnDCApMBfKhdMNRpNdqD","episode","How to Survive the Death of Your Old Self - Charlie Houpert - #1063 ","","2026-03-09T03:07:57Z","2026-02-23","8212010","https://open.spotify.com/episode/46UnDCApMBfKhdMNRpNdqD","1","false"
"3lCFW6ZV9eDJWUXs5IS4uH","episode","The Brutal Tactics of Female Sexual Competition - Dr Dani Sulikowski - #1064 ","","2026-03-09T09:06:35Z","2026-02-26","6607253","https://open.spotify.com/episode/3lCFW6ZV9eDJWUXs5IS4uH","1","false"
"0v2inmb086VZZZLNZMMQnN","episode","Why Smart People Struggle to “Be Normal”","","2026-03-09T23:28:38Z","2026-03-09","1243946","https://open.spotify.com/episode/0v2inmb086VZZZLNZMMQnN","1","false"
"7fU6nEQqloQRdqSXV1jEFr","episode","What If the “Crazy” Ones Are Right? – Conspiracy Theories","","2026-03-10T06:48:08Z","2026-03-09","928391","https://open.spotify.com/episode/7fU6nEQqloQRdqSXV1jEFr","1","false"
"5KayDRvGDRpXNi5hEtaUAl","episode","Mel Gibson Tried To Warn You","","2026-03-12T12:34:42Z","2026-03-06","1227818","https://open.spotify.com/episode/5KayDRvGDRpXNi5hEtaUAl","1","false"
"6ZEsUzsLhiJkM1QHTIOxZV","episode","The Climate Crisis is a Scam - Professor Ian Plimer","","2026-03-13T01:18:27Z","2026-03-08","4016896","https://open.spotify.com/episode/6ZEsUzsLhiJkM1QHTIOxZV","1","false"
"3f7aVQg0IN56xEUsBd9c5J","episode","Terry Crews Tried to Warn Us.. They Mocked Him","","2026-03-13T06:29:59Z","2025-09-15","2191253","https://open.spotify.com/episode/3f7aVQg0IN56xEUsBd9c5J","1","false"
"3D0Go6PN7dYjUX6h2EnV93","episode","Why Beautiful Things Make us Happy – Beauty Explained","","2026-03-15T09:46:37Z","2026-02-23","463978","https://open.spotify.com/episode/3D0Go6PN7dYjUX6h2EnV93","1","false"
"0DDqJYyNM0RAbZcLnnMgaL","episode","Australia's Quiet Collapse","","2026-03-20T09:18:18Z","2026-03-08","1155726","https://open.spotify.com/episode/0DDqJYyNM0RAbZcLnnMgaL","1","false"
"2YHcBGVPW5B8iqdk8YliDm","episode","#2476 - Shanna H. Swan","","2026-05-01T07:25:11Z","2026-03-31","6634729","https://open.spotify.com/episode/2YHcBGVPW5B8iqdk8YliDm","1","false"
"1xO2HOmxHddlOq3agRaTmf","episode","#146 The Most Complicated Thing in the Universe: What is the Brain?","","2026-05-02T03:27:58Z","2026-03-08","8673643","https://open.spotify.com/episode/1xO2HOmxHddlOq3agRaTmf","1","false"
"6putLYPkhczkpI7XHEJOar","episode","#147 What is PURE Consciousness? - Thomas Metzinger","","2026-05-02T07:26:38Z","2026-03-18","7408640","https://open.spotify.com/episode/6putLYPkhczkpI7XHEJOar","1","false"
"0PvGxAFfx8BHrZD3czwetn","episode","Who Decides What’s True on Wikipedia?","","2026-05-02T08:34:45Z","2026-04-20","3777593","https://open.spotify.com/episode/0PvGxAFfx8BHrZD3czwetn","1","false"
"2M7KoJ3feYNAHAb5qMSuI0","episode","What People Get Wrong About Birthright Citizenship","","2026-05-03T03:10:30Z","2026-04-06","4396042","https://open.spotify.com/episode/2M7KoJ3feYNAHAb5qMSuI0","1","false"
"0ocxdAwXwa2Pmv8dJPT80C","episode","#145 The Algorithm is God Now - The Etymology Nerd","","2026-05-04T05:32:56Z","2026-03-04","4549248","https://open.spotify.com/episode/0ocxdAwXwa2Pmv8dJPT80C","1","false"
"599zDbYCRNYAEN5vYQOZHT","episode","Why Men Fear Women","","2026-05-05T02:58:58Z","2026-05-01","1303752","https://open.spotify.com/episode/599zDbYCRNYAEN5vYQOZHT","1","false"
"0A2QWXG2LUuwUokkwLAbgg","episode","Carl Jung as Therapist – Your Problems Don’t Lie in the Past","","2026-05-05T03:13:10Z","2026-04-11","823248","https://open.spotify.com/episode/0A2QWXG2LUuwUokkwLAbgg","1","false"
"1bVRf3i6Qnfg3dwoQ72e47","episode","#2314 - Hal Puthoff","","2026-06-18T17:27:47Z","2025-05-01","10146878","https://open.spotify.com/episode/1bVRf3i6Qnfg3dwoQ72e47","1","false"
"42OAtqh3iHebi8cuwEJgQa","episode","#2516 - Rowan Jacobsen","","2026-06-22T11:37:20Z","2026-06-18","7246846","https://open.spotify.com/episode/42OAtqh3iHebi8cuwEJgQa","1","false"
"2c50dZKpJcLjAfGXhOMRxD","episode","#2513 - Dean Radin","","2026-06-23T08:31:04Z","2026-06-11","9474623","https://open.spotify.com/episode/2c50dZKpJcLjAfGXhOMRxD","1","false"
"6dYpYtcxZF4ukh7xntIO2h","episode","Unlearn Negative Thoughts & Behaviors Patterns | Dr. Alok Kanojia","","2026-06-24T14:35:15Z","2026-03-02","11323392","https://open.spotify.com/episode/6dYpYtcxZF4ukh7xntIO2h","1","false"
"48QDGIdADnHcamQ1FAg35i","episode","Lovemaxxing E1: I did EVERYTHING right. I still can't find love.","","2026-06-24T18:06:40Z","2026-06-22","5948395","https://open.spotify.com/episode/48QDGIdADnHcamQ1FAg35i","1","false"
"4wBgIQifamxkjgsJvP7U7a","episode","Dr. K: Feeling Lost in Your 20s or 30s?  (THIS Mindset Shift Will Help You Find Direction & Purpose)","","2026-06-25T16:05:37Z","2025-09-22","7392574","https://open.spotify.com/episode/4wBgIQifamxkjgsJvP7U7a","1","false"
"6z0SLDw1a2MZmo7fnLgENu","episode","#2503 - Eric Weinstein","","2026-06-26T17:43:34Z","2026-05-21","10412030","https://open.spotify.com/episode/6z0SLDw1a2MZmo7fnLgENu","1","false"
"6YWW07RV3YmQuNRpXu0z7M","episode","#2501 - Marc Andreessen","","2026-06-26T17:43:48Z","2026-05-19","12020010","https://open.spotify.com/episode/6YWW07RV3YmQuNRpXu0z7M","1","false"
"1ql2r9T7y0I1h5m7FIjrch","episode","Science of Attraction, Compatibility & Romance | Dr. Paul Eastwick","","2026-06-26T17:47:48Z","2026-06-22","10215040","https://open.spotify.com/episode/1ql2r9T7y0I1h5m7FIjrch","1","false"
"0fp0NvYfTIhz2mOozKqMnF","episode","#2518 - Tim Dillon","","2026-06-27T10:35:25Z","2026-06-24","9542569","https://open.spotify.com/episode/0fp0NvYfTIhz2mOozKqMnF","1","false"
"77iHgGqDnSD7MHx0TmWXJ6","episode","Lovemaxxing E2: Why You Freeze Up When You Talk to Women","","2026-06-27T22:02:52Z","2026-06-27","6701998","https://open.spotify.com/episode/77iHgGqDnSD7MHx0TmWXJ6","1","false"
"1OeSlM6TfcwgccVhyGanjs","episode","Why Nobody Feels Loved Anymore - Sonja Lyubomirsky - #1115","","2026-06-28T19:51:17Z","2026-06-25","4306645","https://open.spotify.com/episode/1OeSlM6TfcwgccVhyGanjs","1","false"
"3YoOBZjNmFNfz0bxNgI73P","episode","Anti-Aging Expert: This Reverses Gray Hair & Boosts Your Energy!","","2026-07-07T23:27:37Z","2026-07-02","9637141","https://open.spotify.com/episode/3YoOBZjNmFNfz0bxNgI73P","1","false"
"0aEqfTPATBDcRXCjOp6lta","episode","Lovemaxxing E3: Why Modern Dating Feels Like Parenting","","2026-07-09T20:33:27Z","2026-06-29","6854670","https://open.spotify.com/episode/0aEqfTPATBDcRXCjOp6lta","1","false"
"6UBZG1E59BZh58Px1shq9S","episode","Creatine Expert: Creatine Is The Secret To Weight Loss","","2026-07-11T02:55:54Z","2026-06-15","4500458","https://open.spotify.com/episode/6UBZG1E59BZh58Px1shq9S","1","false"
"6r1Jqalmfn2Sj45EdEc9cW","episode","We built our own CIA-like intelligence hub","","2026-07-11T03:24:19Z","2026-05-24","928604","https://open.spotify.com/episode/6r1Jqalmfn2Sj45EdEc9cW","1","false"
"7c030lyyvyW72aaqGvIKaW","episode","Holly Madison Opens Up About Her Autism Diagnosis, Battling Depression & Reveals Her Brain Scan Results","","2026-07-11T05:28:13Z","2026-06-29","2765333","https://open.spotify.com/episode/7c030lyyvyW72aaqGvIKaW","1","false"
"7diJ6pOYEKXJKsi9mi2TbE","episode","Why Russia is Suddenly Losing in Ukraine","","2026-07-11T06:48:32Z","2026-06-15","1337685","https://open.spotify.com/episode/7diJ6pOYEKXJKsi9mi2TbE","1","false"
"0TkcyWKeyYsBzTOH536iS3","episode","Are brands inflating their sales numbers? How that means you could SAVE ON NEW CARS","","2026-07-15T06:58:07Z","2026-07-06","3147882","https://open.spotify.com/episode/0TkcyWKeyYsBzTOH536iS3","1","false"
"7plQ7SkEyetrReY9in57VI","episode","Michelle Thaller: Modern physics is forcing us to rethink existence","","2026-07-17T01:06:12Z","2026-03-27","4602602","https://open.spotify.com/episode/7plQ7SkEyetrReY9in57VI","1","false"
"1MUwD79gqadC40TNDUHoJx","episode","Anima & Animus: The Two Forces Shaping Your Personality","","2026-07-24T02:50:11Z","2026-06-08","9920169","https://open.spotify.com/episode/1MUwD79gqadC40TNDUHoJx","1","false"
"6Yl3DgBWFLHCM6YTyPAcwb","episode","#2530 - Timothy Alberino","","2026-07-28T03:35:15Z","2026-07-23","9609940","https://open.spotify.com/episode/6Yl3DgBWFLHCM6YTyPAcwb","1","false"
"7nIxCrGP9lBcpSbtWhrpP8","episode","I’m Not Masculine Enough","","2026-08-02T11:38:30Z","2022-07-16","2325263","https://open.spotify.com/episode/7nIxCrGP9lBcpSbtWhrpP8","1","false"
"5bPrxEzzoQKmiN2VlGQbut","episode","#2534 - Annie Jacobsen","","2026-08-02T17:57:36Z","2026-07-31","8104574","https://open.spotify.com/episode/5bPrxEzzoQKmiN2VlGQbut","1","false"
"6BhRADcZp6ZWvXquqL6Ec6","episode","Neuroscientist (Dr Miguel): THIS Common Food Turns ADHD Into A Superpower, It's In Your Cupboard!","","2026-08-04T10:49:37Z","2026-04-27","3575569","https://open.spotify.com/episode/6BhRADcZp6ZWvXquqL6Ec6","1","false"
"5g3BBvm4JdXHy7mUHC1SFf","episode","What Everyone Gets Wrong About ADHD","","2026-08-10T23:31:52Z","2026-07-20","1693756","https://open.spotify.com/episode/5g3BBvm4JdXHy7mUHC1SFf","1","false"
"4qarIGZkLDQ6jkqdFTwUlc","episode","“We’re At The Beginning Of A Revolution” - Jimmy Carr - #1135","","2026-08-11T17:19:18Z","2026-08-10","7119744","https://open.spotify.com/episode/4qarIGZkLDQ6jkqdFTwUlc","1","false"
"3Hyqnyro0jvXyRfZJx4xew","episode","Trump, Elon Musk & The Future Of The West - Piers Morgan - #895 ","","2026-08-18T06:05:16Z","2025-01-27","3730965","https://open.spotify.com/episode/3Hyqnyro0jvXyRfZJx4xew","1","false"
"4juFA4Kfe0M4sBatdFtk1F","episode","How Does Anti-Racism Hurt Black People? - John McWhorter - #390","","2026-08-18T06:08:31Z","2021-10-28","3002325","https://open.spotify.com/episode/4juFA4Kfe0M4sBatdFtk1F","1","false"
"5lDVVqYAfOeTf7RAEN6Yxn","episode","Calley Means (Solving The Obesity Crisis)","","2026-08-19T01:37:29Z","2023-03-31","3218207","https://open.spotify.com/episode/5lDVVqYAfOeTf7RAEN6Yxn","1","false"
"3mBGuff1DSllrwXzVWJ5h1","episode","The Problem That Won’t Let You Go","","2026-08-19T07:20:43Z","2026-06-21","6251787","https://open.spotify.com/episode/3mBGuff1DSllrwXzVWJ5h1","1","false"
"5DTx2PWJtlXRDfkvpXLRVD","episode","The #1 REASON This Generation Of Men Is STRUGGLING & FEELING LOST | Chris Williamson","","2026-08-19T15:47:59Z","2023-02-02","7082318","https://open.spotify.com/episode/5DTx2PWJtlXRDfkvpXLRVD","1","false"
"343n5n6iOfa8SkB5X8zx57","episode","Why Would Any Man Choose To Be Cucked? - Dr David Ley - #588","","2026-08-19T15:53:15Z","2023-02-11","3519765","https://open.spotify.com/episode/343n5n6iOfa8SkB5X8zx57","1","false"
"15J5XgZlkwagNll9hl23AV","episode","This 1 Book Has Produced More Geniuses Than Any University in History","","2026-08-19T16:44:19Z","2026-08-09","791173","https://open.spotify.com/episode/15J5XgZlkwagNll9hl23AV","1","false"
"5bVwrh196cGng34L0HMugo","episode","The Secret Curriculum Self-Taught Geniuses Use to Build Their Minds","","2026-08-19T16:47:43Z","2026-08-12","807032","https://open.spotify.com/episode/5bVwrh196cGng34L0HMugo","1","false"
"6wHIjUHEMBKRnGchM0mJf4","episode","123: Rust Cohle & The Flat Circle - Philosophy of True Detective","","2026-08-19T18:14:04Z","2025-10-28","5771922","https://open.spotify.com/episode/6wHIjUHEMBKRnGchM0mJf4","1","false"
"6Haj4sdglTte38FTTBqPPh","episode","The Largest Living Parasite Is Using You","","2026-08-19T22:49:40Z","2026-08-17","1612852","https://open.spotify.com/episode/6Haj4sdglTte38FTTBqPPh","1","false"
"1ZXGRN8Hw5X7a4cZGNeC5j","episode","How To Demolish the Fake You","","2026-08-19T22:49:59Z","2026-08-24","1750987","https://open.spotify.com/episode/1ZXGRN8Hw5X7a4cZGNeC5j","1","false"
"2fOdrY3wScnYVippmEg3WG","episode","THIS IS HOW YOU DO IT","","2026-08-19T22:50:13Z","2026-08-17","1583151","https://open.spotify.com/episode/2fOdrY3wScnYVippmEg3WG","1","false"
"6lQqRcokabwomAEDfCmucm","episode","Why Good People Drain You","","2026-08-19T22:50:23Z","2026-08-19","1788369","https://open.spotify.com/episode/6lQqRcokabwomAEDfCmucm","1","false"
"0GZusCcoQc8H38vXleZPzm","episode","How the Mind Weaves the Fabric of Reality","","2026-08-19T22:50:31Z","2026-08-17","2015138","https://open.spotify.com/episode/0GZusCcoQc8H38vXleZPzm","1","false"
"6kx9bL1cFuYviFBoFcj5Bu","episode","How To ACTUALLY Find The Right Person For You","","2026-08-19T23:10:03Z","2026-04-27","1134144","https://open.spotify.com/episode/6kx9bL1cFuYviFBoFcj5Bu","1","false"
"7qFasuoeFL76aPP1ZBMBGQ","episode","#152 Why AI Will Never Be Conscious","","2026-08-19T23:37:54Z","2026-04-20","6110613","https://open.spotify.com/episode/7qFasuoeFL76aPP1ZBMBGQ","1","false"
"40nIxzRpdkdGvmVrAUN86S","episode","i read 472 studies on INCREASING PHYSICAL BEAUTY in 10 STEPS (specific, proven, actionable)","","2026-08-19T23:49:18Z","2025-11-28","1583647","https://open.spotify.com/episode/40nIxzRpdkdGvmVrAUN86S","1","false"
"7rVcXZlHGb1v4I6GtaPTwU","episode","Something very weird is happening on Tinder","","2026-08-20T00:19:05Z","2026-07-22","1141773","https://open.spotify.com/episode/7rVcXZlHGb1v4I6GtaPTwU","1","false"
"2FiXWcGLKRs62L7mRGjNe3","episode","Why are the Wellness Elite Getting Sepsis?","","2026-08-20T00:58:50Z","2026-03-25","1587118","https://open.spotify.com/episode/2FiXWcGLKRs62L7mRGjNe3","1","false"
"44oTEHDZdB7ITCB5dx88mB","episode","#493 – Jeff Kaplan: World of Warcraft, Overwatch, Blizzard, and Future of Gaming","","2026-08-20T00:59:51Z","2026-03-11","18995264","https://open.spotify.com/episode/44oTEHDZdB7ITCB5dx88mB","1","false"
"3L125tGJVUCddliqGK1oRj","episode","We Need To Talk About The AI Cheating Epidemic","","2026-08-20T01:01:19Z","2026-03-16","1011882","https://open.spotify.com/episode/3L125tGJVUCddliqGK1oRj","1","false"
"6WmTVfdqk6Ch9cNizrhO12","episode","How an Entitled No Name Actor Destroyed a Disney Classic","","2026-08-20T01:03:12Z","2025-09-01","1295914","https://open.spotify.com/episode/6WmTVfdqk6Ch9cNizrhO12","1","false"
"7w9FUuUHRaUJ42kUJioPqP","episode","The Total Collapse of Katy Perry’s Career","","2026-08-20T01:04:45Z","2025-07-01","1473173","https://open.spotify.com/episode/7w9FUuUHRaUJ42kUJioPqP","1","false"
"4c0cbU2hTTwDDjLWN1kzW7","episode","Shane Gillis Exposed Everyone Who Tried to Destroy Him","","2026-08-20T01:05:37Z","2026-03-12","1352305","https://open.spotify.com/episode/4c0cbU2hTTwDDjLWN1kzW7","1","false"
"5hk8twjIDuKyWYd6REDH1E","episode","I’m Not Falling For Pedro Pascal","","2026-08-20T01:06:27Z","2025-05-23","671978","https://open.spotify.com/episode/5hk8twjIDuKyWYd6REDH1E","1","false"
"16a9JC7UqmfIVMeIQtSnja","episode","Not Everyone Should Do OnlyF*ns | Kelly Ryan | Stand Up Comedy","","2026-08-20T01:06:53Z","2025-11-21","648440","https://open.spotify.com/episode/16a9JC7UqmfIVMeIQtSnja","1","false"
"17Iccvb8H7OV2JnJZwlwa5","episode","The Art of Faking Your Identity | Ariana's Illusion","","2026-08-20T01:09:04Z","2026-03-03","2518549","https://open.spotify.com/episode/17Iccvb8H7OV2JnJZwlwa5","1","false"
"7j9DXZx98455Qg28gIIWlP","episode"," How France is becoming a ‘third-world’ economy","","2026-08-20T03:11:41Z","2026-05-10","1103505","https://open.spotify.com/episode/7j9DXZx98455Qg28gIIWlP","1","false"
"08VCfr51yjHDCWuSXUKbOF","episode","People Changes w/ Duncan Trussell | Your Mom's House Ep. 871","","2026-08-20T07:48:28Z","2026-08-05","9539371","https://open.spotify.com/episode/08VCfr51yjHDCWuSXUKbOF","1","false"
"47WtVs0pf711sJCD3vLVez","episode","Spiritual Advisor To Violent Offenders - Michael Caparrelli","","2026-08-20T08:24:49Z","2026-08-16","3312469","https://open.spotify.com/episode/47WtVs0pf711sJCD3vLVez","1","false"
"5O1SKgHj7jZoHEBOILvUdq","episode","The World Of Unusual Sexual Orientations - Dr James Cantor - #550","","2026-08-22T20:40:36Z","2022-11-10","6473770","https://open.spotify.com/episode/5O1SKgHj7jZoHEBOILvUdq","1","false"
"3qIWUMEApAlqJhApLQz0GI","episode","16 Lessons From 2022 - Joe Rogan, Jordan Peterson & Jocko Willink - #565","","2026-08-23T04:27:18Z","2022-12-15","3795818","https://open.spotify.com/episode/3qIWUMEApAlqJhApLQz0GI","1","false"
"5j1Ms2I4JX2YzFxP7eNtBm","episode","China's Catastrophic Oil & Gas Problem","","2026-08-23T05:19:08Z","2023-09-06","2106048","https://open.spotify.com/episode/5j1Ms2I4JX2YzFxP7eNtBm","1","false"
"3Oww9vaFfUQvAcQIMusAW3","episode","E403 Joe Rogan","","2026-08-23T05:52:11Z","2022-08-09","6283650","https://open.spotify.com/episode/3Oww9vaFfUQvAcQIMusAW3","1","false"
"7tk8WVdTy6PA4H6n3FpD2T","episode","16 Surprising Psychology Truths - Gurwinder Bhogal - #516","","2026-08-23T06:24:15Z","2022-08-22","6407253","https://open.spotify.com/episode/7tk8WVdTy6PA4H6n3FpD2T","1","false"
"0fLE62xOmJBesX1qadokii","episode","How to Convince the World of Bulls**t & Evil - Malcolm Gladwell - #1029 ","","2026-08-25T05:40:53Z","2025-12-06","4485760","https://open.spotify.com/episode/0fLE62xOmJBesX1qadokii","1","false"
"6p71COGpxSMMhy4c2BRQhY","episode","The Secret to Overcoming Imposter Syndrome - Mel Robbins - #1027 ","","2026-08-26T06:32:36Z","2025-12-01","6492480","https://open.spotify.com/episode/6p71COGpxSMMhy4c2BRQhY","1","false"
"1jcIa0WoUCwrG48jVmRqh7","episode","#2391 - Duncan Trussell","","2026-08-26T06:33:06Z","2025-10-09","9715711","https://open.spotify.com/episode/1jcIa0WoUCwrG48jVmRqh7","1","false"
"4KfTFItpgdkkA3lgJ51o4K","episode","The End of Woke? - James Lindsay","","2026-08-26T16:19:07Z","2024-12-01","4788741","https://open.spotify.com/episode/4KfTFItpgdkkA3lgJ51o4K","1","false"
"5324V0GLhaSS9ZGFBLAxEL","episode","Lawless 90s Kids | Derrick Stroup | Stand Up Comedy","","2026-08-26T16:19:24Z","2025-03-28","663338","https://open.spotify.com/episode/5324V0GLhaSS9ZGFBLAxEL","1","false"
"","DROPPED_NULL","","","2026-03-03T06:11:57Z","","","","","false"
"","DROPPED_NULL","","","2026-03-03T06:41:37Z","","","","","false"
"","DROPPED_NULL","","","2026-03-03T06:41:43Z","","","","","false"
"","DROPPED_NULL","","","2026-03-03T06:41:50Z","","","","","false"
"","DROPPED_NULL","","","2026-03-15T09:38:18Z","","","","","false"